step,reward_l1_mean,reward_l2_mean,reward_tt_mean,reward_prior_mean,mae_display,mae_oracle_best,best_mae_global,ratio_mean,ratio_std,clip_frac,temperature,entropy,wall_time
1,0.00,0.00,2.3970,-592.5306,542.43,463.91,463.91,1.004863,0.096338,0.000000,1.9981,1.0699,2.8
2,0.00,0.00,2.4885,-631.1346,539.65,372.84,372.84,1.003004,0.067113,0.000000,1.9962,1.0688,5.5
3,0.00,0.00,2.3433,-686.3637,898.83,516.64,372.84,0.970433,0.059654,0.000000,1.9943,1.0690,7.8
4,0.00,0.00,2.4133,-662.2123,886.78,290.55,290.55,0.995249,0.048593,0.000000,1.9924,1.0691,10.1
5,0.00,0.00,2.3889,-706.8701,818.89,410.47,290.55,1.005079,0.058643,0.000000,1.9905,1.0682,12.4
6,0.00,0.00,2.4517,-649.1652,632.63,359.31,290.55,1.005428,0.056446,0.000000,1.9886,1.0677,14.6
7,0.00,0.00,2.5137,-676.5815,839.24,393.61,290.55,1.006545,0.065031,0.000000,1.9867,1.0679,16.9
8,0.00,0.00,2.4739,-720.4849,936.84,418.41,290.55,1.007684,0.065254,0.000000,1.9848,1.0686,19.3
9,0.00,0.00,2.4629,-680.0876,984.47,472.66,290.55,1.005390,0.055774,0.000000,1.9829,1.0700,21.8
10,0.00,0.00,2.4823,-636.5237,945.85,349.37,290.55,0.996014,0.045128,0.000000,1.9810,1.0703,24.4
11,0.00,0.00,2.4654,-643.2474,582.79,264.59,264.59,0.996175,0.048222,0.000000,1.9791,1.0687,27.1
12,0.00,0.00,2.5301,-634.1912,644.68,359.59,264.59,1.007159,0.056510,0.000000,1.9772,1.0671,29.7
13,0.00,0.00,2.5925,-673.5289,511.71,276.82,264.59,1.010889,0.056799,0.000000,1.9753,1.0655,32.3
14,0.00,0.00,2.5078,-653.8647,1033.93,364.53,264.59,1.000806,0.055081,0.000000,1.9734,1.0642,35.0
15,0.00,0.00,2.4808,-688.0278,1064.19,315.57,264.59,0.990446,0.059285,0.000000,1.9715,1.0630,37.6
16,0.00,0.00,2.5498,-632.5385,447.02,294.20,264.59,0.996252,0.045515,0.000000,1.9696,1.0612,40.2
17,0.00,0.00,2.5432,-622.3282,707.60,325.60,264.59,0.998997,0.050854,0.000000,1.9677,1.0600,42.6
18,0.00,0.00,2.5586,-604.5549,991.08,305.19,264.59,0.990661,0.057259,0.000000,1.9658,1.0589,45.2
19,0.00,0.00,2.5523,-607.5918,1029.54,349.49,264.59,0.988908,0.041346,0.000000,1.9639,1.0573,47.8
20,0.00,0.00,2.5691,-636.3246,628.94,250.11,250.11,1.000243,0.039432,0.000000,1.9620,1.0566,50.4
21,0.00,0.00,2.6221,-579.1343,641.00,391.26,250.11,0.999276,0.040127,0.000000,1.9601,1.0567,53.0
22,0.00,0.00,2.7287,-608.0870,558.15,267.72,250.11,1.014833,0.055866,0.000000,1.9582,1.0570,55.6
23,0.00,0.00,2.5522,-610.7811,549.65,440.64,250.11,0.981707,0.049303,0.000000,1.9563,1.0567,58.2
24,0.00,0.00,2.5595,-679.6934,722.53,392.89,250.11,0.997180,0.042196,0.000000,1.9544,1.0552,60.8
25,0.00,0.00,2.6516,-657.3723,535.73,275.46,250.11,1.001915,0.057616,0.000000,1.9525,1.0527,63.2
26,0.00,0.00,2.7232,-661.5162,415.37,329.12,250.11,0.993583,0.057351,0.000000,1.9506,1.0503,65.8
27,0.00,0.00,2.6678,-588.1060,790.50,278.80,250.11,1.001613,0.040949,0.000000,1.9487,1.0468,68.4
28,0.00,0.00,2.8616,-609.5212,427.53,220.78,220.78,1.021004,0.041572,0.000000,1.9468,1.0436,71.0
29,0.00,0.00,2.6139,-565.3117,797.15,245.66,220.78,0.990020,0.049843,0.000000,1.9449,1.0412,73.6
30,0.00,0.00,2.7245,-583.5020,456.74,189.61,189.61,1.001198,0.053038,0.000000,1.9430,1.0391,76.2
31,0.00,0.00,2.6721,-583.6946,329.72,253.54,189.61,0.990311,0.052505,0.000000,1.9411,1.0370,78.9
32,0.00,0.00,2.7197,-642.7174,584.50,214.77,189.61,0.990866,0.057544,0.000000,1.9392,1.0357,81.5
33,0.00,0.00,2.8891,-616.9730,373.78,251.96,189.61,0.999834,0.037895,0.000000,1.9373,1.0354,83.9
34,0.00,0.00,2.8428,-588.4865,495.32,209.36,189.61,1.008561,0.041781,0.000000,1.9354,1.0338,86.5
35,0.00,0.00,2.7787,-615.9683,605.78,292.28,189.61,1.003288,0.046354,0.000000,1.9335,1.0312,89.1
36,0.00,0.00,2.7613,-567.8118,762.26,330.33,189.61,1.003395,0.038216,0.000000,1.9316,1.0302,91.7
37,0.00,0.00,2.8895,-538.6644,552.93,157.65,157.65,1.011574,0.044017,0.000000,1.9297,1.0303,94.3
38,0.00,0.00,2.8964,-567.3306,786.38,206.48,157.65,0.997560,0.055939,0.000000,1.9278,1.0296,96.7
39,0.00,0.00,2.9774,-558.8622,465.44,169.16,157.65,1.012211,0.054080,0.000000,1.9259,1.0281,99.3
40,0.00,0.00,2.8102,-581.5585,476.33,265.58,157.65,0.998516,0.056221,0.000000,1.9240,1.0262,102.0
41,0.00,0.00,2.9512,-527.3433,495.72,160.68,157.65,1.000005,0.064442,0.000000,1.9221,1.0240,104.4
42,0.00,0.00,2.8886,-518.3516,569.53,241.76,157.65,0.999531,0.058997,0.000000,1.9202,1.0212,107.0
43,0.00,0.00,3.0702,-545.8934,420.46,211.97,157.65,1.016640,0.050739,0.000000,1.9183,1.0194,109.7
44,0.00,0.00,3.0178,-589.9648,311.53,194.29,157.65,1.003952,0.044006,0.000000,1.9164,1.0177,112.3
45,0.00,0.00,2.9622,-539.4408,454.88,206.17,157.65,1.004121,0.051405,0.000000,1.9145,1.0153,114.9
46,0.00,0.00,3.0140,-481.0412,598.83,216.57,157.65,1.007517,0.057111,0.000000,1.9126,1.0126,117.5
47,0.00,0.00,2.9346,-568.5569,719.75,148.99,148.99,0.995617,0.068681,0.000000,1.9107,1.0092,120.2
48,0.00,0.00,2.9811,-576.6001,549.61,160.09,148.99,0.989695,0.047362,0.000000,1.9088,1.0060,122.8
49,0.00,0.00,2.9945,-524.7701,424.65,210.82,148.99,0.999501,0.062382,0.000000,1.9069,1.0046,125.4
50,0.00,0.00,3.0179,-550.2523,505.07,121.95,121.95,1.007312,0.058921,0.000000,1.9050,1.0025,127.8
51,0.00,0.00,2.9811,-545.1350,413.32,238.14,121.95,0.984514,0.050529,0.000000,1.9031,0.9999,130.4
52,0.00,0.00,3.1485,-545.0750,351.91,153.28,121.95,0.997327,0.057495,0.000000,1.9012,0.9975,133.0
53,0.00,0.00,3.1372,-508.0655,604.46,112.77,112.77,0.999810,0.041532,0.000000,1.8993,0.9947,135.6
54,0.00,0.00,3.3217,-478.7155,212.39,130.26,112.77,1.022055,0.053684,0.000000,1.8974,0.9915,138.2
55,0.00,0.00,3.1536,-579.6108,353.46,212.56,112.77,1.006238,0.064703,0.000000,1.8955,0.9887,140.8
56,0.00,0.00,3.1899,-512.9521,509.25,154.39,112.77,1.002588,0.051120,0.000000,1.8936,0.9864,143.4
57,0.00,0.00,3.3430,-455.8925,307.27,191.70,112.77,1.011267,0.063599,0.000000,1.8917,0.9846,146.1
58,0.00,0.00,3.2291,-480.2086,1018.32,116.01,112.77,1.005943,0.065023,0.000000,1.8898,0.9839,148.5
59,0.00,0.00,3.2727,-583.4597,536.83,157.88,112.77,0.992660,0.050654,0.000000,1.8879,0.9837,151.0
60,0.00,0.00,3.1904,-473.8473,545.31,162.98,112.77,0.986759,0.056143,0.000000,1.8860,0.9833,153.6
61,0.00,0.00,3.3335,-466.3248,287.45,153.58,112.77,0.997216,0.060323,0.000000,1.8841,0.9822,156.2
62,0.00,0.00,3.3145,-475.0817,510.30,153.64,112.77,1.001544,0.060328,0.000000,1.8822,0.9811,158.8
63,0.00,0.00,3.2806,-479.0868,346.23,116.97,112.77,0.992885,0.065817,0.000000,1.8803,0.9791,161.4
64,0.00,0.00,3.4728,-482.3308,220.59,83.74,83.74,1.010458,0.054929,0.000000,1.8784,0.9759,164.1
65,0.00,0.00,3.5300,-460.6855,127.03,127.03,83.74,1.013978,0.053579,0.000000,1.8765,0.9728,166.6
66,0.00,0.00,3.3855,-455.3286,827.11,147.36,83.74,0.983479,0.056124,0.000000,1.8746,0.9696,169.1
67,0.00,0.00,3.3752,-419.2635,238.89,129.43,83.74,0.990201,0.070070,0.000000,1.8727,0.9660,171.7
68,0.00,0.00,3.3911,-463.9468,256.12,121.14,83.74,0.985774,0.051017,0.000000,1.8708,0.9611,174.3
69,0.00,0.00,3.3529,-436.7464,662.94,126.76,83.74,1.000029,0.059680,0.000000,1.8689,0.9567,177.0
70,0.00,0.00,3.5077,-454.6044,398.34,150.81,83.74,0.992725,0.052174,0.000000,1.8670,0.9531,179.6
71,0.00,0.00,3.6587,-453.7150,239.17,161.93,83.74,1.002565,0.071970,0.000000,1.8651,0.9493,182.2
72,0.00,0.00,3.6317,-421.2808,227.34,128.13,83.74,1.006126,0.077286,0.031250,1.8632,0.9442,184.8
73,0.00,0.00,3.4181,-424.7682,174.10,131.37,83.74,0.996471,0.058017,0.000000,1.8613,0.9384,187.3
74,0.00,0.00,3.5969,-426.1882,200.44,132.11,83.74,0.996917,0.064293,0.031250,1.8594,0.9333,189.9
75,0.00,0.00,3.6755,-406.8958,452.31,131.80,83.74,1.010772,0.054895,0.000000,1.8575,0.9292,192.3
76,0.00,0.00,3.5499,-423.0836,273.80,163.99,83.74,1.000914,0.052680,0.000000,1.8556,0.9254,194.9
77,0.00,0.00,3.4748,-430.9891,188.36,131.05,83.74,0.993373,0.064918,0.000000,1.8537,0.9224,197.5
78,0.00,0.00,3.5244,-442.9958,299.94,137.55,83.74,0.999428,0.059948,0.000000,1.8518,0.9183,200.2
79,0.00,0.00,3.6050,-355.6395,164.45,145.93,83.74,1.010984,0.074063,0.000000,1.8499,0.9133,202.7
80,0.00,0.00,3.8598,-374.8969,254.27,93.63,83.74,1.005738,0.050745,0.000000,1.8480,0.9080,205.3
81,0.00,0.00,3.7293,-409.1734,187.75,105.85,83.74,0.998163,0.052515,0.000000,1.8461,0.9027,207.9
82,0.00,0.00,3.6929,-396.2176,332.27,109.84,83.74,0.992637,0.068164,0.000000,1.8442,0.8968,210.5
83,0.00,0.00,3.7050,-365.9643,239.11,110.28,83.74,0.993537,0.060218,0.031250,1.8423,0.8906,212.9
84,0.00,0.00,3.6757,-446.6530,277.59,160.22,83.74,0.987536,0.074505,0.000000,1.8404,0.8843,215.6
85,0.00,0.00,3.6022,-390.6828,296.95,94.12,83.74,0.974330,0.080941,0.062500,1.8385,0.8782,218.2
86,0.00,0.00,3.7341,-369.7873,165.85,139.91,83.74,0.992408,0.085219,0.062500,1.8366,0.8719,220.8
87,0.00,0.00,3.8178,-319.7753,298.48,114.07,83.74,1.005606,0.062840,0.000000,1.8347,0.8637,223.4
88,0.00,0.00,3.8393,-385.2490,241.83,106.58,83.74,1.013347,0.050446,0.000000,1.8328,0.8565,226.0
89,0.00,0.00,3.8924,-385.2556,164.84,143.76,83.74,0.994760,0.054223,0.000000,1.8309,0.8517,228.5
90,0.00,0.00,3.9194,-331.9113,159.15,99.73,83.74,1.004148,0.054221,0.000000,1.8290,0.8466,231.0
91,0.00,0.00,3.9978,-318.3674,81.02,81.02,81.02,1.006715,0.049810,0.000000,1.8271,0.8403,233.4
92,0.00,0.00,3.8457,-350.3739,179.75,119.64,81.02,1.004116,0.056966,0.000000,1.8252,0.8341,236.0
93,0.00,0.00,4.0011,-328.9213,291.75,109.42,81.02,0.996300,0.062302,0.000000,1.8233,0.8268,238.6
94,0.00,0.00,3.9181,-292.1302,103.14,103.14,81.02,1.005339,0.055329,0.000000,1.8214,0.8187,241.2
95,0.00,0.00,3.9980,-291.8554,179.97,98.48,81.02,1.002636,0.072157,0.031250,1.8195,0.8111,243.8
96,0.00,0.00,4.0539,-307.5483,163.92,108.62,81.02,0.993975,0.068033,0.031250,1.8176,0.8054,246.5
97,0.00,0.00,3.8859,-321.5254,145.57,130.61,81.02,0.986795,0.062382,0.000000,1.8157,0.7999,249.0
98,0.00,0.00,4.0428,-280.1097,327.35,89.69,81.02,0.988859,0.052815,0.000000,1.8138,0.7934,251.6
99,0.00,0.00,4.1756,-294.5255,219.76,117.62,81.02,1.001407,0.068452,0.031250,1.8119,0.7872,254.2
100,0.00,0.00,3.9986,-272.9592,208.55,81.58,81.02,1.004592,0.046655,0.000000,1.8100,0.7816,256.6
101,0.00,0.00,4.0767,-263.9563,210.18,68.29,68.29,0.995819,0.053079,0.000000,1.8081,0.7775,261.2
102,0.00,0.00,3.9809,-271.7545,272.98,125.46,68.29,1.007890,0.046495,0.000000,1.8062,0.7736,263.8
103,0.00,0.00,3.9569,-302.3798,204.98,113.85,68.29,0.994973,0.056028,0.000000,1.8043,0.7680,266.4
104,0.00,0.00,4.0638,-276.0922,190.18,92.51,68.29,0.997323,0.045041,0.000000,1.8024,0.7617,269.0
105,0.00,0.00,4.1002,-284.2861,128.56,106.41,68.29,0.999277,0.058540,0.000000,1.8005,0.7568,271.4
106,0.00,0.00,3.9943,-274.2355,239.78,88.13,68.29,0.998260,0.051729,0.000000,1.7986,0.7528,273.9
107,0.00,0.00,3.9712,-317.0963,148.22,112.86,68.29,0.989953,0.048877,0.000000,1.7967,0.7487,276.2
108,0.00,0.00,4.2338,-218.6062,100.46,92.53,68.29,1.010613,0.048178,0.000000,1.7948,0.7431,278.8
109,0.00,0.00,4.2769,-224.1940,225.88,88.42,68.29,1.013187,0.048240,0.000000,1.7929,0.7376,281.5
110,0.00,0.00,4.1657,-270.8911,273.98,86.96,68.29,0.996168,0.077387,0.000000,1.7910,0.7311,284.1
111,0.00,0.00,4.0418,-261.4041,175.60,88.57,68.29,0.997568,0.043568,0.000000,1.7891,0.7236,286.7
112,0.00,0.00,4.1362,-221.3117,169.71,91.56,68.29,1.002370,0.054429,0.000000,1.7872,0.7170,289.3
113,0.00,0.00,4.3530,-247.4141,171.33,81.99,68.29,1.011183,0.065980,0.031250,1.7853,0.7102,291.9
114,0.00,0.00,4.0929,-224.9893,212.76,109.23,68.29,1.014423,0.066095,0.000000,1.7834,0.7027,294.5
115,0.00,0.00,4.1929,-256.6000,151.16,109.78,68.29,1.012533,0.068795,0.000000,1.7815,0.6955,296.9
116,0.00,0.00,4.2335,-206.7280,93.76,79.89,68.29,1.004187,0.074618,0.031250,1.7796,0.6885,299.4
117,0.00,0.00,4.0569,-255.4587,243.83,108.26,68.29,0.991759,0.070954,0.000000,1.7777,0.6808,302.1
118,0.00,0.00,4.2921,-230.6526,119.36,104.13,68.29,0.981701,0.073065,0.031250,1.7758,0.6728,304.7
119,0.00,0.00,4.2640,-219.1724,176.10,98.91,68.29,1.005577,0.075850,0.000000,1.7739,0.6653,307.3
120,0.00,0.00,4.3180,-207.9283,182.68,72.74,68.29,1.014864,0.065508,0.000000,1.7720,0.6585,309.9
121,0.00,0.00,4.3634,-215.4005,183.73,82.90,68.29,0.998760,0.058550,0.000000,1.7701,0.6523,312.4
122,0.00,0.00,4.2688,-257.6631,204.35,75.10,68.29,0.976072,0.080636,0.031250,1.7682,0.6451,315.0
123,0.00,0.00,4.1762,-195.8841,192.11,96.00,68.29,0.997349,0.071623,0.000000,1.7663,0.6381,317.6
124,0.00,0.00,4.3487,-234.5021,261.41,104.70,68.29,1.000638,0.075993,0.000000,1.7644,0.6317,319.9
125,0.00,0.00,4.2816,-217.0086,211.43,98.50,68.29,0.990977,0.038268,0.000000,1.7625,0.6259,322.6
126,0.00,0.00,4.1823,-206.4302,128.75,70.59,68.29,0.994650,0.078973,0.031250,1.7606,0.6207,325.2
127,0.00,0.00,4.3930,-234.8595,226.93,107.91,68.29,0.995552,0.056632,0.000000,1.7587,0.6158,327.8
128,0.00,0.00,4.2785,-239.8608,159.57,121.89,68.29,1.004091,0.066377,0.000000,1.7568,0.6114,330.4
129,0.00,0.00,4.4210,-236.5749,164.42,86.53,68.29,1.007747,0.043619,0.000000,1.7549,0.6073,333.0
130,0.00,0.00,4.2467,-233.9324,216.71,105.10,68.29,0.993819,0.072748,0.000000,1.7530,0.6016,335.6
131,0.00,0.00,4.2167,-231.3124,216.31,90.90,68.29,0.986058,0.076779,0.000000,1.7511,0.5934,338.2
132,0.00,0.00,4.3827,-226.1955,162.35,76.43,68.29,0.994757,0.052867,0.000000,1.7492,0.5845,340.6
133,0.00,0.00,4.3805,-231.9255,160.73,78.95,68.29,0.988224,0.049379,0.000000,1.7473,0.5764,343.2
134,0.00,0.00,4.3366,-242.3177,171.17,100.42,68.29,0.983550,0.068017,0.031250,1.7454,0.5684,345.8
135,0.00,0.00,4.4424,-184.6900,150.54,74.81,68.29,1.012838,0.060535,0.000000,1.7435,0.5609,348.4
136,0.00,0.00,4.3428,-189.5755,172.33,85.55,68.29,1.001604,0.062087,0.000000,1.7416,0.5535,350.7
137,0.00,0.00,4.1942,-186.5453,153.76,114.07,68.29,0.982852,0.064049,0.000000,1.7397,0.5469,353.3
138,0.00,0.00,4.4039,-184.5692,124.51,84.42,68.29,0.985200,0.063791,0.000000,1.7378,0.5405,355.9
139,0.00,0.00,4.5208,-204.2370,163.82,90.35,68.29,1.003059,0.067180,0.000000,1.7359,0.5339,358.5
140,0.00,0.00,4.4022,-198.0344,262.71,74.13,68.29,0.988372,0.063716,0.000000,1.7340,0.5278,360.9
141,0.00,0.00,4.3976,-188.8978,181.30,102.02,68.29,0.973422,0.061171,0.031250,1.7321,0.5210,363.4
142,0.00,0.00,4.3690,-193.9765,155.36,80.31,68.29,0.992162,0.084659,0.031250,1.7302,0.5139,366.0
143,0.00,0.00,4.3324,-181.3663,186.46,95.28,68.29,0.993341,0.053643,0.000000,1.7283,0.5075,368.6
144,0.00,0.00,4.5269,-173.9353,185.52,75.34,68.29,0.989519,0.074164,0.031250,1.7264,0.5012,371.2
145,0.00,0.00,4.4505,-191.5097,217.59,91.14,68.29,1.003732,0.057044,0.000000,1.7245,0.4943,373.8
146,0.00,0.00,4.5912,-165.7953,110.42,85.93,68.29,1.015027,0.062329,0.000000,1.7226,0.4865,376.4
147,0.00,0.00,4.4860,-193.9181,165.75,84.87,68.29,0.997420,0.048885,0.000000,1.7207,0.4786,379.0
148,0.00,0.00,4.4810,-174.7940,159.04,92.13,68.29,0.983657,0.063545,0.000000,1.7188,0.4721,381.6
149,0.00,0.00,4.4322,-141.1061,161.52,77.17,68.29,1.013566,0.036191,0.000000,1.7169,0.4665,384.0
150,0.00,0.00,4.5113,-160.3400,130.95,86.52,68.29,0.993162,0.053913,0.000000,1.7150,0.4605,386.6
151,0.00,0.00,4.3644,-166.9804,139.77,101.02,68.29,1.007028,0.039870,0.000000,1.7131,0.4546,389.2
152,0.00,0.00,4.5544,-162.0432,120.92,73.15,68.29,1.005496,0.059940,0.000000,1.7112,0.4483,391.8
153,0.00,0.00,4.5045,-182.8701,168.87,85.25,68.29,0.989819,0.066217,0.031250,1.7093,0.4417,394.4
154,0.00,0.00,4.5401,-159.0744,127.15,61.11,61.11,1.004267,0.064451,0.000000,1.7074,0.4353,397.1
155,0.00,0.00,4.5468,-172.2841,188.30,98.40,61.11,0.982719,0.072090,0.031250,1.7055,0.4302,399.7
156,0.00,0.00,4.6265,-178.9508,170.42,73.11,61.11,1.004910,0.051909,0.000000,1.7036,0.4249,402.3
157,0.00,0.00,4.5143,-160.5024,68.81,68.81,61.11,0.997079,0.039410,0.000000,1.7017,0.4191,404.6
158,0.00,0.00,4.5207,-177.2073,159.90,107.24,61.11,0.975833,0.055005,0.000000,1.6998,0.4140,407.2
159,0.00,0.00,4.5260,-161.3418,153.25,60.03,60.03,0.981392,0.050132,0.000000,1.6979,0.4089,409.9
160,0.00,0.00,4.4415,-175.0871,127.00,107.77,60.03,1.007739,0.054323,0.000000,1.6960,0.4035,412.5
161,0.00,0.00,4.6352,-156.5277,104.61,79.07,60.03,1.001224,0.050356,0.000000,1.6941,0.3965,415.1
162,0.00,0.00,4.6315,-163.5155,124.82,80.93,60.03,0.978463,0.072445,0.000000,1.6922,0.3894,417.7
163,0.00,0.00,4.6152,-162.1556,114.97,76.65,60.03,1.009043,0.071826,0.000000,1.6903,0.3840,420.3
164,0.00,0.00,4.6624,-163.3586,163.79,83.23,60.03,0.986892,0.062070,0.000000,1.6884,0.3790,423.0
165,0.00,0.00,4.4960,-162.9594,189.26,94.07,60.03,0.994153,0.063630,0.000000,1.6865,0.3741,425.3
166,0.00,0.00,4.6081,-145.5231,143.08,85.76,60.03,0.994208,0.063962,0.031250,1.6846,0.3688,427.8
167,0.00,0.00,4.6115,-160.3110,127.23,73.61,60.03,0.983100,0.053415,0.000000,1.6827,0.3614,430.5
168,0.00,0.00,4.6265,-152.1569,115.81,74.40,60.03,1.011636,0.059397,0.000000,1.6808,0.3545,433.0
169,0.00,0.00,4.5063,-166.9272,183.72,103.90,60.03,0.984584,0.055773,0.000000,1.6789,0.3486,435.6
170,0.00,0.00,4.7495,-148.5018,137.95,88.90,60.03,0.989876,0.050928,0.000000,1.6770,0.3431,438.3
171,0.00,0.00,4.6532,-158.2199,138.39,82.08,60.03,1.000128,0.075469,0.000000,1.6751,0.3376,440.9
172,0.00,0.00,4.6951,-170.0285,121.05,83.89,60.03,0.992148,0.076572,0.000000,1.6732,0.3326,443.5
173,0.00,0.00,4.6472,-160.2622,75.78,75.78,60.03,0.993131,0.078436,0.031250,1.6713,0.3269,446.0
174,0.00,0.00,4.6402,-136.7635,144.00,79.05,60.03,0.976125,0.081956,0.031250,1.6694,0.3204,448.5
175,0.00,0.00,4.6715,-144.4082,80.00,80.00,60.03,1.007908,0.066991,0.000000,1.6675,0.3139,451.1
176,0.00,0.00,4.6657,-153.6075,152.37,90.94,60.03,0.988364,0.062821,0.000000,1.6656,0.3066,453.7
177,0.00,0.00,4.7986,-153.7486,155.51,85.75,60.03,0.999551,0.092008,0.062500,1.6637,0.2990,456.3
178,0.00,0.00,4.6730,-143.8451,136.43,77.39,60.03,1.021432,0.053584,0.000000,1.6618,0.2926,458.9
179,0.00,0.00,4.7259,-155.3915,180.03,77.73,60.03,0.984055,0.066878,0.000000,1.6599,0.2864,461.6
180,0.00,0.00,4.6569,-150.0371,172.03,90.99,60.03,0.988608,0.076830,0.031250,1.6580,0.2808,464.1
181,0.00,0.00,4.7184,-156.9744,87.03,87.03,60.03,0.983683,0.058447,0.000000,1.6561,0.2750,466.7
182,0.00,0.00,4.9081,-138.3240,165.79,58.03,58.03,0.989829,0.062936,0.000000,1.6542,0.2686,469.1
183,0.00,0.00,4.6734,-149.5512,138.30,78.30,58.03,0.995578,0.067812,0.031250,1.6523,0.2618,471.7
184,0.00,0.00,4.8511,-144.7066,138.27,79.53,58.03,1.005482,0.064506,0.000000,1.6504,0.2549,474.3
185,0.00,0.00,4.7970,-129.6850,117.30,72.18,58.03,1.000192,0.049106,0.000000,1.6485,0.2483,476.9
186,0.00,0.00,4.7347,-134.9962,119.84,71.15,58.03,0.977830,0.095687,0.062500,1.6466,0.2411,479.5
187,0.00,0.00,4.7973,-124.9812,183.33,74.00,58.03,0.994371,0.073014,0.000000,1.6447,0.2343,482.1
188,0.00,0.00,4.7052,-126.2859,115.64,53.03,53.03,0.986051,0.060220,0.000000,1.6428,0.2280,484.6
189,0.00,0.00,4.7543,-111.7428,142.32,57.75,53.03,1.017384,0.084052,0.000000,1.6409,0.2233,487.2
190,0.00,0.00,4.7661,-126.4357,78.07,71.01,53.03,1.004633,0.072691,0.000000,1.6390,0.2194,489.5
191,0.00,0.00,4.8834,-114.3601,159.93,68.66,53.03,1.000359,0.069624,0.000000,1.6371,0.2143,492.1
192,0.00,0.00,4.8813,-130.0305,113.03,83.14,53.03,1.001869,0.102043,0.031250,1.6352,0.2085,494.7
193,0.00,0.00,4.8497,-134.6627,143.84,76.63,53.03,0.995536,0.089537,0.031250,1.6333,0.2041,497.3
194,0.00,0.00,4.7997,-113.0684,126.92,86.67,53.03,0.987293,0.061604,0.000000,1.6314,0.1996,499.9
195,0.00,0.00,4.8093,-118.0325,135.04,88.61,53.03,0.994017,0.093811,0.031250,1.6295,0.1942,502.5
196,0.00,0.00,4.8804,-129.6811,153.56,67.65,53.03,0.996802,0.065568,0.000000,1.6276,0.1898,505.1
197,0.00,0.00,4.8645,-123.9660,144.84,66.37,53.03,1.009572,0.048240,0.000000,1.6257,0.1864,507.7
198,0.00,0.00,4.9116,-115.2112,173.90,65.41,53.03,1.010092,0.062837,0.000000,1.6238,0.1833,510.2
199,0.00,0.00,4.7894,-130.0480,117.17,83.35,53.03,0.978759,0.081418,0.031250,1.6219,0.1785,513.3
200,0.00,0.00,4.8220,-120.6878,113.96,73.05,53.03,1.011831,0.077534,0.000000,1.6200,0.1732,516.0
201,0.00,0.00,4.7983,-124.6222,145.39,69.56,53.03,1.007240,0.062945,0.031250,1.6181,0.1674,520.2
202,0.00,0.00,4.7769,-121.2663,101.16,89.22,53.03,0.993320,0.070008,0.000000,1.6162,0.1623,522.8
203,0.00,0.00,4.8538,-114.4548,83.25,82.23,53.03,0.978984,0.078185,0.000000,1.6143,0.1581,525.4
204,0.00,0.00,4.7217,-111.5359,116.71,90.40,53.03,0.991490,0.082011,0.000000,1.6124,0.1531,527.7
205,0.00,0.00,4.9320,-106.4416,105.09,58.48,53.03,1.000052,0.059795,0.000000,1.6105,0.1476,530.4
206,0.00,0.00,4.9265,-118.9322,92.68,87.05,53.03,0.987270,0.095678,0.000000,1.6086,0.1431,532.7
207,0.00,0.00,4.8908,-107.5022,139.31,84.46,53.03,1.010482,0.091804,0.000000,1.6067,0.1387,535.3
208,0.00,0.00,5.0149,-101.4146,39.59,39.59,39.59,0.997929,0.077233,0.000000,1.6048,0.1350,537.9
209,0.00,0.00,4.8452,-112.9068,133.86,79.01,39.59,0.974624,0.097871,0.062500,1.6029,0.1304,540.5
210,0.00,0.00,4.8257,-110.3228,141.46,61.75,39.59,1.003782,0.073828,0.000000,1.6010,0.1253,543.1
211,0.00,0.00,4.9333,-112.4455,108.07,63.88,39.59,1.002912,0.074073,0.000000,1.5991,0.1205,545.7
212,0.00,0.00,4.8907,-105.0311,129.04,80.61,39.59,1.006831,0.090564,0.031250,1.5972,0.1157,548.2
213,0.00,0.00,4.8709,-100.8283,70.86,68.23,39.59,1.015381,0.096444,0.000000,1.5953,0.1100,550.8
214,0.00,0.00,4.9626,-93.1312,129.18,70.74,39.59,1.005347,0.079987,0.031250,1.5934,0.1037,553.4
215,0.00,0.00,5.0086,-106.2413,129.26,71.35,39.59,0.992587,0.069810,0.000000,1.5915,0.0984,555.7
216,0.00,0.00,4.9291,-99.0594,83.60,77.73,39.59,0.974317,0.090421,0.031250,1.5896,0.0927,558.3
217,0.00,0.00,5.0130,-112.7866,105.47,72.97,39.59,1.010805,0.088305,0.031250,1.5877,0.0860,560.9
218,0.00,0.00,4.9472,-114.1774,100.15,82.89,39.59,1.001841,0.071325,0.000000,1.5858,0.0801,563.6
219,0.00,0.00,4.9313,-109.9274,132.01,62.89,39.59,1.000914,0.062837,0.000000,1.5839,0.0752,566.2
220,0.00,0.00,5.0327,-107.2279,121.88,74.59,39.59,1.007833,0.096718,0.000000,1.5820,0.0714,568.8
221,0.00,0.00,4.9178,-103.2580,122.39,66.46,39.59,0.992230,0.115861,0.031250,1.5801,0.0671,571.3
222,0.00,0.00,4.9743,-93.4217,101.71,80.63,39.59,1.018074,0.083324,0.000000,1.5782,0.0619,573.9
223,0.00,0.00,4.9517,-117.6691,92.98,73.93,39.59,0.968369,0.107104,0.093750,1.5763,0.0564,576.3
224,0.00,0.00,4.9133,-89.2441,167.66,78.62,39.59,0.992628,0.077718,0.000000,1.5744,0.0521,578.9
225,0.00,0.00,5.0053,-98.9373,131.03,79.28,39.59,0.989974,0.061632,0.000000,1.5725,0.0474,581.5
226,0.00,0.00,5.0201,-110.8608,146.49,53.80,39.59,0.976726,0.082358,0.000000,1.5706,0.0423,584.1
227,0.00,0.00,5.0495,-94.7091,98.19,77.97,39.59,1.015166,0.085864,0.031250,1.5687,0.0372,586.8
228,0.00,0.00,4.9795,-108.4054,130.84,76.96,39.59,0.990472,0.070647,0.000000,1.5668,0.0322,589.3
229,0.00,0.00,4.9216,-99.2853,111.01,76.17,39.59,0.970904,0.092641,0.000000,1.5649,0.0255,591.9
230,0.00,0.00,4.8921,-92.9609,159.59,56.84,39.59,0.999531,0.091493,0.031250,1.5630,0.0187,594.5
231,0.00,0.00,5.0689,-98.0115,137.64,81.54,39.59,1.002723,0.077858,0.031250,1.5611,0.0135,596.9
232,0.00,0.00,4.9635,-86.4782,149.55,67.01,39.59,1.022590,0.108853,0.031250,1.5592,0.0093,599.5
233,0.00,0.00,4.9599,-87.0907,125.65,62.66,39.59,0.977456,0.114265,0.093750,1.5573,0.0044,602.1
234,0.00,0.00,5.0438,-95.4961,122.09,77.86,39.59,1.007828,0.063629,0.000000,1.5554,-0.0005,604.6
235,0.00,0.00,5.1321,-80.2163,100.62,75.74,39.59,1.004016,0.075019,0.000000,1.5535,-0.0058,607.0
236,0.00,0.00,5.0190,-94.4119,75.28,75.28,39.59,0.989362,0.123149,0.062500,1.5516,-0.0116,609.5
237,0.00,0.00,5.0334,-89.6577,94.16,68.57,39.59,0.999246,0.126628,0.125000,1.5497,-0.0183,612.1
238,0.00,0.00,5.1607,-92.8078,117.77,65.60,39.59,0.997911,0.072386,0.000000,1.5478,-0.0250,614.7
239,0.00,0.00,5.0715,-82.4904,86.99,44.46,39.59,1.008770,0.077723,0.000000,1.5459,-0.0299,617.3
240,0.00,0.00,5.0288,-95.4756,102.69,64.87,39.59,0.990173,0.117961,0.062500,1.5440,-0.0338,619.7
241,0.00,0.00,5.2062,-93.1155,125.32,75.06,39.59,1.007201,0.136580,0.093750,1.5421,-0.0376,622.3
242,0.00,0.00,5.1158,-100.4223,85.94,68.74,39.59,0.978195,0.085291,0.031250,1.5402,-0.0418,624.9
243,0.00,0.00,5.0581,-86.8755,83.83,56.97,39.59,1.019489,0.111609,0.031250,1.5383,-0.0459,627.5
244,0.00,0.00,5.0391,-91.0384,125.37,71.77,39.59,0.971230,0.098673,0.062500,1.5364,-0.0508,630.1
245,0.00,0.00,5.0447,-93.1476,94.39,59.97,39.59,0.998838,0.099279,0.031250,1.5345,-0.0559,632.7
246,0.00,0.00,5.0370,-89.5000,111.72,59.89,39.59,0.973896,0.091946,0.031250,1.5326,-0.0602,635.3
247,0.00,0.00,5.1892,-83.0099,123.67,69.30,39.59,1.012469,0.102095,0.031250,1.5307,-0.0639,637.9
248,0.00,0.00,5.1746,-76.9949,89.70,65.21,39.59,0.985079,0.096260,0.000000,1.5288,-0.0692,640.2
249,0.00,0.00,5.1376,-91.0501,117.46,61.94,39.59,0.998308,0.132435,0.125000,1.5269,-0.0752,642.8
250,0.00,0.00,5.1972,-83.6700,85.78,67.75,39.59,0.984916,0.105553,0.031250,1.5250,-0.0807,645.4
251,0.00,0.00,4.9953,-80.5193,74.26,63.49,39.59,0.994453,0.087036,0.031250,1.5231,-0.0859,648.0
252,0.00,0.00,5.1235,-85.4997,106.37,68.66,39.59,0.996641,0.084388,0.000000,1.5212,-0.0915,650.6
253,0.00,0.00,5.2835,-78.9909,83.89,57.03,39.59,1.013003,0.083856,0.000000,1.5193,-0.0968,653.2
254,0.00,0.00,5.2249,-80.6319,100.69,71.06,39.59,0.971777,0.104718,0.062500,1.5174,-0.1028,655.8
255,0.00,0.00,5.2750,-74.9504,87.27,53.03,39.59,0.986583,0.100749,0.000000,1.5155,-0.1098,658.3
256,0.00,0.00,5.2371,-81.2564,103.95,61.39,39.59,0.978119,0.095189,0.062500,1.5136,-0.1165,660.7
257,0.00,0.00,5.1852,-81.6325,129.53,54.11,39.59,0.981529,0.107192,0.093750,1.5117,-0.1228,663.3
258,0.00,0.00,5.2527,-74.2938,116.58,69.78,39.59,1.028019,0.077779,0.000000,1.5098,-0.1276,665.9
259,0.00,0.00,5.2289,-68.9790,87.58,68.87,39.59,1.002341,0.090592,0.031250,1.5079,-0.1324,668.5
260,0.00,0.00,5.2008,-67.5929,81.01,59.34,39.59,1.014909,0.067872,0.000000,1.5060,-0.1374,671.0
261,0.00,0.00,5.2143,-74.8168,114.40,61.95,39.59,1.008834,0.094397,0.031250,1.5041,-0.1423,673.7
262,0.00,0.00,5.2816,-73.2551,131.23,56.98,39.59,1.013476,0.112822,0.062500,1.5022,-0.1474,676.3
263,0.00,0.00,5.2071,-75.5354,175.30,60.80,39.59,0.955969,0.090757,0.062500,1.5003,-0.1534,678.9
264,0.00,0.00,5.0853,-72.2666,105.51,74.46,39.59,0.976441,0.065362,0.000000,1.4984,-0.1591,681.4
265,0.00,0.00,5.2090,-66.2547,107.11,52.56,39.59,1.018675,0.091722,0.031250,1.4965,-0.1646,683.8
266,0.00,0.00,5.2982,-62.6437,94.14,50.29,39.59,0.992881,0.108381,0.000000,1.4946,-0.1694,686.3
267,0.00,0.00,5.1696,-67.3592,106.93,61.75,39.59,0.992252,0.089148,0.000000,1.4927,-0.1739,688.9
268,0.00,0.00,5.0291,-63.5809,105.09,64.62,39.59,1.005188,0.092263,0.000000,1.4908,-0.1793,691.5
269,0.00,0.00,5.1874,-74.1244,89.78,66.22,39.59,0.984447,0.117344,0.031250,1.4889,-0.1845,694.1
270,0.00,0.00,5.3465,-61.3931,76.00,50.77,39.59,0.995940,0.158604,0.156250,1.4870,-0.1881,696.7
271,0.00,0.00,5.2678,-68.5159,89.19,66.68,39.59,1.012593,0.099484,0.000000,1.4851,-0.1916,699.3
272,0.00,0.00,5.2181,-69.8424,109.09,63.86,39.59,0.989456,0.128571,0.093750,1.4832,-0.1956,701.9
273,0.00,0.00,5.2470,-63.8294,76.15,61.96,39.59,0.987533,0.105597,0.093750,1.4813,-0.2004,704.3
274,0.00,0.00,5.2063,-64.1553,94.83,54.59,39.59,0.995946,0.100020,0.062500,1.4794,-0.2051,706.9
275,0.00,0.00,5.2350,-72.2132,73.84,64.85,39.59,1.013037,0.110017,0.031250,1.4775,-0.2096,709.5
276,0.00,0.00,5.1731,-70.5620,66.00,66.00,39.59,0.970603,0.128717,0.093750,1.4756,-0.2152,712.1
277,0.00,0.00,5.3373,-65.5851,88.28,55.32,39.59,0.999135,0.106441,0.062500,1.4737,-0.2206,714.7
278,0.00,0.00,5.3913,-68.1646,88.52,60.98,39.59,0.997800,0.137593,0.125000,1.4718,-0.2259,717.3
279,0.00,0.00,5.5260,-67.0656,116.53,60.95,39.59,1.007402,0.131369,0.062500,1.4699,-0.2315,719.9
280,0.00,0.00,5.2397,-63.5377,111.04,57.25,39.59,0.996531,0.179722,0.218750,1.4680,-0.2369,722.5
281,0.00,0.00,5.2630,-68.3978,93.26,58.12,39.59,0.957464,0.169649,0.187500,1.4661,-0.2413,724.8
282,0.00,0.00,5.2276,-64.6780,96.63,46.82,39.59,1.046107,0.157428,0.093750,1.4642,-0.2454,727.5
283,0.00,0.00,5.4445,-66.6163,127.63,56.67,39.59,1.012286,0.125139,0.062500,1.4623,-0.2503,730.1
284,0.00,0.00,5.3230,-60.6263,55.52,51.75,39.59,1.003269,0.083588,0.000000,1.4604,-0.2561,732.7
285,0.00,0.00,5.3921,-58.8954,76.45,49.20,39.59,1.038097,0.106736,0.000000,1.4585,-0.2621,735.3
286,0.00,0.00,5.3047,-63.2814,70.33,58.48,39.59,1.004945,0.078588,0.000000,1.4566,-0.2678,737.9
287,0.00,0.00,5.3550,-59.2346,95.60,48.89,39.59,1.011661,0.100398,0.031250,1.4547,-0.2736,740.3
288,0.00,0.00,5.4599,-56.1407,93.81,59.79,39.59,1.011455,0.117741,0.000000,1.4528,-0.2798,742.9
289,0.00,0.00,5.2792,-55.2415,76.34,50.19,39.59,1.007633,0.162186,0.187500,1.4509,-0.2856,745.3
290,0.00,0.00,5.3040,-58.3136,65.67,52.58,39.59,0.960978,0.119877,0.125000,1.4490,-0.2911,747.7
291,0.00,0.00,5.4176,-59.3619,67.68,50.76,39.59,0.959898,0.120286,0.125000,1.4471,-0.2969,750.4
292,0.00,0.00,5.3481,-55.6836,75.84,47.18,39.59,0.973142,0.142038,0.093750,1.4452,-0.3023,753.0
293,0.00,0.00,5.3277,-54.6710,74.84,38.09,38.09,0.962674,0.141426,0.125000,1.4433,-0.3063,755.6
294,0.00,0.00,5.5013,-60.7629,75.29,54.53,38.09,0.983900,0.129053,0.062500,1.4414,-0.3086,758.2
295,0.00,0.00,5.4358,-56.1311,65.28,45.87,38.09,1.011864,0.129409,0.125000,1.4395,-0.3107,760.8
296,0.00,0.00,5.3819,-59.1480,77.30,44.85,38.09,1.011180,0.149317,0.093750,1.4376,-0.3135,763.4
297,0.00,0.00,5.5113,-57.6270,104.43,51.67,38.09,0.969394,0.162332,0.156250,1.4357,-0.3171,766.0
298,0.00,0.00,5.5730,-55.8551,103.88,52.05,38.09,1.000575,0.123422,0.062500,1.4338,-0.3211,768.4
299,0.00,0.00,5.3767,-61.7754,87.59,51.77,38.09,1.000439,0.133331,0.062500,1.4319,-0.3263,771.0
300,0.00,0.00,5.4433,-63.8417,73.68,52.80,38.09,1.013429,0.132176,0.093750,1.4300,-0.3326,773.6
301,0.00,0.00,5.4307,-57.3075,78.60,52.52,38.09,1.003345,0.099121,0.031250,1.4281,-0.3387,777.9
302,0.00,0.00,5.3679,-57.2232,104.50,50.64,38.09,0.987664,0.097024,0.031250,1.4262,-0.3444,780.4
303,0.00,0.00,5.5671,-59.0585,51.26,47.48,38.09,0.990944,0.127074,0.093750,1.4243,-0.3504,782.8
304,0.00,0.00,5.5031,-59.4995,111.09,56.92,38.09,0.975083,0.140867,0.093750,1.4224,-0.3572,785.4
305,0.00,0.00,5.5529,-58.1179,89.95,53.47,38.09,0.990807,0.090052,0.000000,1.4205,-0.3636,787.9
306,0.00,0.00,5.5095,-56.4469,102.74,36.86,36.86,1.018306,0.086671,0.031250,1.4186,-0.3691,790.5
307,0.00,0.00,5.4840,-59.5634,61.16,54.53,36.86,0.999641,0.120712,0.062500,1.4167,-0.3742,793.2
308,0.00,0.00,5.5069,-58.5752,85.87,51.45,36.86,0.983802,0.122772,0.062500,1.4148,-0.3799,795.7
309,0.00,0.00,5.4324,-62.9775,73.26,55.50,36.86,0.966330,0.102442,0.031250,1.4129,-0.3864,798.4
310,0.00,0.00,5.4210,-57.8267,98.43,46.92,36.86,0.987323,0.094432,0.031250,1.4110,-0.3927,801.0
311,0.00,0.00,5.3998,-57.9283,99.06,48.61,36.86,0.988763,0.151620,0.156250,1.4091,-0.3983,803.6
312,0.00,0.00,5.4789,-57.8555,69.78,51.83,36.86,0.979284,0.116361,0.125000,1.4072,-0.4030,806.2
313,0.00,0.00,5.4923,-51.1557,56.35,49.11,36.86,0.971950,0.139138,0.125000,1.4053,-0.4074,808.8
314,0.00,0.00,5.6111,-51.6205,79.42,54.08,36.86,1.012064,0.119721,0.031250,1.4034,-0.4123,811.2
315,0.00,0.00,5.5110,-55.0813,83.69,54.38,36.86,1.025583,0.143016,0.093750,1.4015,-0.4173,813.8
316,0.00,0.00,5.5798,-55.8522,56.73,55.22,36.86,0.974141,0.087871,0.000000,1.3996,-0.4217,816.4
317,0.00,0.00,5.6046,-56.9800,75.51,48.05,36.86,0.986580,0.110852,0.093750,1.3977,-0.4257,819.0
318,0.00,0.00,5.3508,-55.0372,80.65,53.95,36.86,0.992337,0.133464,0.156250,1.3958,-0.4303,821.6
319,0.00,0.00,5.4847,-53.2135,84.07,53.71,36.86,0.966581,0.112326,0.093750,1.3939,-0.4355,824.2
320,0.00,0.00,5.3728,-56.8012,90.03,56.65,36.86,0.990163,0.126871,0.062500,1.3920,-0.4415,826.8
321,0.00,0.00,5.5948,-54.8855,77.45,50.12,36.86,1.023947,0.105061,0.000000,1.3901,-0.4463,829.4
322,0.00,0.00,5.4161,-51.9134,99.42,47.24,36.86,0.954505,0.148025,0.156250,1.3882,-0.4500,831.8
323,0.00,0.00,5.6102,-57.6718,73.61,46.12,36.86,0.995018,0.116131,0.031250,1.3863,-0.4534,834.4
324,0.00,0.00,5.5921,-55.0790,102.23,52.79,36.86,0.985661,0.127350,0.062500,1.3844,-0.4567,837.0
325,0.00,0.00,5.5656,-51.6950,55.56,49.03,36.86,0.977530,0.141861,0.125000,1.3825,-0.4597,839.6
326,0.00,0.00,5.5157,-54.8935,76.13,55.18,36.86,0.982529,0.138155,0.125000,1.3806,-0.4620,842.2
327,0.00,0.00,5.6320,-58.7701,67.18,51.16,36.86,0.941225,0.150696,0.156250,1.3787,-0.4644,844.8
328,0.00,0.00,5.4924,-56.9383,76.42,53.06,36.86,0.996969,0.151545,0.125000,1.3768,-0.4671,847.4
329,0.00,0.00,5.5698,-50.5014,66.20,51.24,36.86,0.973674,0.172179,0.218750,1.3749,-0.4701,850.1
330,0.00,0.00,5.5754,-53.5480,78.81,47.70,36.86,0.949980,0.150309,0.218750,1.3730,-0.4734,852.4
331,0.00,0.00,5.5126,-47.7932,85.67,57.77,36.86,0.950290,0.165579,0.187500,1.3711,-0.4766,855.0
332,0.00,0.00,5.6149,-55.8416,74.09,54.67,36.86,0.989123,0.162786,0.218750,1.3692,-0.4793,857.6
333,0.00,0.00,5.5352,-50.7041,84.26,49.88,36.86,0.972514,0.116886,0.062500,1.3673,-0.4823,859.9
334,0.00,0.00,5.5194,-56.5041,59.30,44.83,36.86,1.010501,0.179033,0.218750,1.3654,-0.4849,862.5
335,0.00,0.00,5.7109,-54.6200,99.39,56.08,36.86,0.989009,0.136650,0.093750,1.3635,-0.4880,865.1
336,0.00,0.00,5.6060,-56.0422,79.33,58.37,36.86,1.018736,0.134605,0.125000,1.3616,-0.4923,867.7
337,0.00,0.00,5.6940,-57.1667,72.60,53.56,36.86,1.004135,0.108916,0.062500,1.3597,-0.4974,870.3
338,0.00,0.00,5.6411,-53.8428,103.99,47.45,36.86,1.005352,0.152291,0.156250,1.3578,-0.5027,872.9
339,0.00,0.00,5.5903,-55.3132,66.89,60.66,36.86,0.991597,0.144301,0.156250,1.3559,-0.5078,875.3
340,0.00,0.00,5.7168,-55.6466,84.71,42.32,36.86,0.999332,0.095626,0.000000,1.3540,-0.5125,877.9
341,0.00,0.00,5.7024,-56.6590,66.13,59.56,36.86,0.994257,0.119181,0.031250,1.3521,-0.5170,880.5
342,0.00,0.00,5.6469,-57.8155,67.85,46.77,36.86,0.961803,0.143020,0.156250,1.3502,-0.5214,883.1
343,0.00,0.00,5.6934,-57.2276,74.25,54.78,36.86,0.985210,0.143570,0.125000,1.3483,-0.5253,885.7
344,0.00,0.00,5.5865,-63.0019,78.16,51.46,36.86,1.028496,0.144417,0.062500,1.3464,-0.5283,888.3
345,0.00,0.00,5.6034,-57.6279,80.43,62.96,36.86,1.008895,0.119086,0.062500,1.3445,-0.5319,890.9
346,0.00,0.00,5.7876,-56.2883,74.65,59.59,36.86,0.998944,0.140482,0.062500,1.3426,-0.5356,893.5
347,0.00,0.00,5.6851,-55.5006,83.27,54.71,36.86,1.043663,0.140963,0.031250,1.3407,-0.5392,895.9
348,0.00,0.00,5.6240,-59.9905,65.43,61.30,36.86,0.969876,0.122596,0.093750,1.3388,-0.5428,898.5
349,0.00,0.00,5.6517,-55.7392,86.55,51.94,36.86,0.976316,0.172868,0.281250,1.3369,-0.5462,901.1
350,0.00,0.00,5.6418,-54.2098,77.28,45.23,36.86,0.984569,0.184291,0.281250,1.3350,-0.5492,903.7
351,0.00,0.00,5.7258,-55.2409,83.48,51.08,36.86,0.902262,0.179499,0.375000,1.3331,-0.5521,906.3
352,0.00,0.00,5.6650,-56.5300,74.48,55.37,36.86,0.998402,0.244068,0.375000,1.3312,-0.5549,909.0
353,0.00,0.00,5.5694,-60.2808,77.31,52.72,36.86,0.961838,0.112356,0.093750,1.3293,-0.5579,911.6
354,0.00,0.00,5.7482,-58.8612,76.04,49.20,36.86,0.975730,0.138872,0.125000,1.3274,-0.5608,914.2
355,0.00,0.00,5.7805,-55.3660,79.09,45.33,36.86,1.009951,0.132498,0.125000,1.3255,-0.5631,916.6
356,0.00,0.00,5.6116,-53.1014,89.93,59.58,36.86,0.980942,0.064693,0.000000,1.3236,-0.5656,919.2
357,0.00,0.00,5.6614,-55.3136,57.30,47.88,36.86,0.985588,0.150237,0.156250,1.3217,-0.5691,921.8
358,0.00,0.00,5.7105,-53.1203,80.52,50.83,36.86,0.988419,0.157118,0.125000,1.3198,-0.5724,924.4
359,0.00,0.00,5.7293,-53.7362,87.97,54.97,36.86,1.034909,0.152417,0.156250,1.3179,-0.5769,927.0
360,0.00,0.00,5.7957,-54.4586,64.48,56.87,36.86,0.994020,0.105105,0.062500,1.3160,-0.5816,929.6
361,0.00,0.00,5.5663,-56.3444,99.38,56.46,36.86,0.991412,0.119019,0.062500,1.3141,-0.5859,932.2
362,0.00,0.00,5.7546,-56.2277,90.35,41.42,36.86,1.001341,0.103936,0.031250,1.3122,-0.5904,934.8
363,0.00,0.00,5.8369,-49.8137,58.93,49.09,36.86,0.979748,0.100224,0.031250,1.3103,-0.5938,937.4
364,0.00,0.00,5.7945,-52.8997,77.80,58.56,36.86,0.991683,0.234471,0.375000,1.3084,-0.5964,939.8
365,0.00,0.00,5.7505,-51.6325,75.23,49.69,36.86,1.012875,0.207026,0.281250,1.3065,-0.5988,942.4
366,0.00,0.00,5.7272,-53.1259,65.98,56.87,36.86,1.003578,0.146581,0.125000,1.3046,-0.6019,945.0
367,0.00,0.00,5.8807,-51.6893,73.93,50.73,36.86,0.971309,0.141659,0.187500,1.3027,-0.6054,947.6
368,0.00,0.00,5.7799,-50.7179,62.96,49.23,36.86,0.947396,0.202445,0.375000,1.3008,-0.6086,950.2
369,0.00,0.00,5.6917,-51.1422,70.21,61.53,36.86,0.986876,0.174448,0.218750,1.2989,-0.6122,952.9
370,0.00,0.00,5.7731,-53.6725,82.13,53.73,36.86,1.008112,0.166958,0.156250,1.2970,-0.6156,955.5
371,0.00,0.00,5.7029,-53.4585,68.08,53.38,36.86,0.991695,0.211335,0.375000,1.2951,-0.6189,958.1
372,0.00,0.00,5.8621,-52.3589,67.69,53.63,36.86,0.982747,0.198130,0.312500,1.2932,-0.6214,960.4
373,0.00,0.00,5.8035,-56.2083,89.87,52.38,36.86,0.972491,0.130826,0.062500,1.2913,-0.6232,963.0
374,0.00,0.00,5.7926,-50.4899,66.46,57.65,36.86,1.027241,0.158915,0.156250,1.2894,-0.6252,965.6
375,0.00,0.00,5.7340,-50.9935,80.10,51.40,36.86,0.985676,0.227990,0.343750,1.2875,-0.6281,968.2
376,0.00,0.00,5.7660,-52.8178,74.36,59.48,36.86,0.992964,0.189080,0.187500,1.2856,-0.6319,970.8
377,0.00,0.00,5.7450,-50.9329,84.29,48.13,36.86,0.984881,0.159835,0.187500,1.2837,-0.6362,973.4
378,0.00,0.00,5.9216,-50.3129,65.84,53.87,36.86,0.999460,0.159290,0.187500,1.2818,-0.6406,976.0
379,0.00,0.00,5.7706,-52.0196,79.87,56.17,36.86,0.971343,0.144408,0.125000,1.2799,-0.6450,978.6
380,0.00,0.00,5.8377,-51.4398,72.86,59.23,36.86,0.950259,0.153483,0.093750,1.2780,-0.6502,981.0
381,0.00,0.00,5.9429,-51.5788,84.08,46.59,36.86,0.944754,0.190845,0.343750,1.2761,-0.6561,983.6
382,0.00,0.00,5.7626,-49.9550,75.46,53.28,36.86,0.979771,0.184052,0.156250,1.2742,-0.6615,986.2
383,0.00,0.00,5.9046,-52.6251,70.81,47.64,36.86,1.002430,0.180085,0.125000,1.2723,-0.6665,988.9
384,0.00,0.00,5.8192,-53.7744,67.03,52.00,36.86,0.932825,0.173133,0.250000,1.2704,-0.6712,991.5
385,0.00,0.00,5.9860,-47.7594,78.49,52.13,36.86,1.053669,0.203334,0.375000,1.2685,-0.6755,994.1
386,0.00,0.00,5.9267,-49.4336,71.04,54.16,36.86,0.965640,0.133937,0.125000,1.2666,-0.6794,996.5
387,0.00,0.00,5.9831,-53.5441,70.22,59.32,36.86,0.984173,0.149421,0.156250,1.2647,-0.6837,999.1
388,0.00,0.00,5.8954,-48.8510,77.47,54.28,36.86,0.969365,0.151179,0.125000,1.2628,-0.6884,1001.7
389,0.00,0.00,5.9164,-47.9816,88.71,50.44,36.86,0.987744,0.155039,0.156250,1.2609,-0.6933,1004.1
390,0.00,0.00,5.8062,-46.5951,78.99,59.11,36.86,1.032756,0.226664,0.375000,1.2590,-0.6975,1006.7
391,0.00,0.00,5.9219,-45.7249,64.72,52.59,36.86,0.959059,0.193558,0.281250,1.2571,-0.7010,1009.3
392,0.00,0.00,5.9784,-47.6108,69.72,56.55,36.86,0.962906,0.225489,0.312500,1.2552,-0.7046,1011.9
393,0.00,0.00,5.8776,-47.6134,77.74,53.86,36.86,0.965292,0.154388,0.187500,1.2533,-0.7082,1014.5
394,0.00,0.00,5.8212,-51.6093,79.63,62.35,36.86,1.027399,0.161579,0.125000,1.2514,-0.7122,1017.1
395,0.00,0.00,5.8442,-49.4351,74.12,45.78,36.86,1.003829,0.167503,0.250000,1.2495,-0.7164,1019.7
396,0.00,0.00,5.9231,-47.5628,80.21,50.54,36.86,0.985808,0.175409,0.250000,1.2476,-0.7199,1022.3
397,0.00,0.00,5.9599,-48.5379,65.82,55.36,36.86,1.045924,0.199694,0.187500,1.2457,-0.7228,1024.7
398,0.00,0.00,5.9912,-49.9867,60.07,56.08,36.86,0.931073,0.178572,0.250000,1.2438,-0.7257,1027.3
399,0.00,0.00,5.9505,-44.9975,75.29,54.54,36.86,1.009570,0.131401,0.062500,1.2419,-0.7282,1030.0
400,0.00,0.00,5.9685,-46.1941,71.87,54.02,36.86,1.020325,0.151495,0.062500,1.2400,-0.7310,1032.6
401,0.00,0.00,5.8949,-47.8322,97.10,57.54,36.86,1.046914,0.223726,0.250000,1.2381,-0.7348,1036.6
402,0.00,0.00,5.9202,-47.8783,68.72,57.49,36.86,1.011665,0.182813,0.281250,1.2362,-0.7380,1039.1
403,0.00,0.00,6.0184,-45.1300,94.79,59.68,36.86,1.001050,0.194909,0.250000,1.2343,-0.7408,1041.8
404,0.00,0.00,6.0155,-45.4675,59.16,49.08,36.86,1.003129,0.140247,0.125000,1.2324,-0.7433,1044.3
405,0.00,0.00,6.0357,-48.0111,77.18,54.49,36.86,0.973231,0.157081,0.218750,1.2305,-0.7459,1046.7
406,0.00,0.00,5.9410,-45.4917,75.54,57.80,36.86,0.924205,0.190649,0.375000,1.2286,-0.7487,1049.3
407,0.00,0.00,5.9000,-47.1253,89.93,54.59,36.86,0.998780,0.144983,0.156250,1.2267,-0.7519,1051.9
408,0.00,0.00,5.9331,-47.3477,82.88,56.82,36.86,0.963358,0.162675,0.218750,1.2248,-0.7557,1054.5
409,0.00,0.00,5.9922,-49.0996,72.34,62.16,36.86,0.969070,0.178689,0.312500,1.2229,-0.7591,1057.1
410,0.00,0.00,5.8683,-46.8500,57.63,57.63,36.86,0.982092,0.145850,0.093750,1.2210,-0.7629,1059.7
411,0.00,0.00,5.9692,-47.9151,81.93,56.92,36.86,0.950498,0.167820,0.281250,1.2191,-0.7665,1062.3
412,0.00,0.00,5.9524,-46.4738,84.61,56.33,36.86,1.020484,0.207425,0.218750,1.2172,-0.7690,1064.9
413,0.00,0.00,6.0852,-46.0377,84.49,54.99,36.86,0.977800,0.177085,0.250000,1.2153,-0.7713,1067.3
414,0.00,0.00,6.1096,-45.9343,60.68,56.53,36.86,0.995478,0.152493,0.187500,1.2134,-0.7739,1070.0
415,0.00,0.00,5.9325,-49.2269,82.59,53.88,36.86,1.065684,0.188493,0.187500,1.2115,-0.7764,1072.5
416,0.00,0.00,5.9710,-48.1072,66.26,58.03,36.86,0.983213,0.216426,0.218750,1.2096,-0.7791,1075.1
417,0.00,0.00,6.0250,-49.8715,79.95,54.64,36.86,1.023024,0.220250,0.343750,1.2077,-0.7824,1077.8
418,0.00,0.00,6.0588,-49.2196,63.85,56.61,36.86,1.051121,0.203513,0.218750,1.2058,-0.7857,1080.3
419,0.00,0.00,6.0042,-48.8151,69.86,54.22,36.86,0.937159,0.198415,0.312500,1.2039,-0.7893,1083.0
420,0.00,0.00,6.0321,-47.5582,82.90,58.30,36.86,1.027065,0.160866,0.156250,1.2020,-0.7923,1085.6
421,0.00,0.00,5.9781,-50.1402,73.03,52.69,36.86,0.948396,0.157281,0.281250,1.2001,-0.7958,1087.9
422,0.00,0.00,5.8906,-50.5978,80.52,53.81,36.86,1.027151,0.286193,0.437500,1.1982,-0.7988,1090.5
423,0.00,0.00,6.0085,-48.1165,75.75,56.77,36.86,1.037878,0.311093,0.375000,1.1963,-0.8014,1093.1
424,0.00,0.00,6.0604,-46.1795,58.17,53.07,36.86,0.975184,0.165824,0.156250,1.1944,-0.8036,1095.8
425,0.00,0.00,5.9892,-50.0988,74.90,57.41,36.86,0.968792,0.136261,0.031250,1.1925,-0.8065,1098.4
426,0.00,0.00,6.0011,-47.0880,70.22,49.81,36.86,1.024612,0.192945,0.218750,1.1906,-0.8098,1101.0
427,0.00,0.00,5.9628,-47.3539,81.47,57.84,36.86,1.026504,0.185505,0.250000,1.1887,-0.8127,1103.6
428,0.00,0.00,6.0118,-47.3187,82.97,56.11,36.86,0.985260,0.137974,0.125000,1.1868,-0.8154,1106.2
429,0.00,0.00,6.0417,-47.6591,71.59,52.65,36.86,0.947910,0.205008,0.312500,1.1849,-0.8180,1108.7
430,0.00,0.00,6.0387,-45.3043,72.58,52.16,36.86,0.997383,0.246363,0.250000,1.1830,-0.8204,1111.2
431,0.00,0.00,6.0322,-46.6918,67.13,57.13,36.86,1.023728,0.174734,0.187500,1.1811,-0.8229,1113.7
432,0.00,0.00,6.0312,-44.3204,68.62,54.32,36.86,0.985519,0.150174,0.156250,1.1792,-0.8255,1116.2
433,0.00,0.00,6.0885,-45.9507,61.92,55.59,36.86,0.968505,0.222250,0.343750,1.1773,-0.8279,1118.8
434,0.00,0.00,6.0420,-45.8306,69.73,53.48,36.86,0.949845,0.127383,0.093750,1.1754,-0.8302,1121.4
435,0.00,0.00,6.0029,-45.1861,78.31,57.42,36.86,0.936091,0.111255,0.187500,1.1735,-0.8333,1124.1
436,0.00,0.00,6.1345,-47.0432,65.68,52.87,36.86,0.999928,0.200139,0.250000,1.1716,-0.8366,1126.7
437,0.00,0.00,6.0776,-47.2934,73.17,57.03,36.86,0.984916,0.206904,0.250000,1.1697,-0.8397,1129.3
438,0.00,0.00,6.0748,-44.3833,77.45,51.26,36.86,0.950845,0.132780,0.125000,1.1678,-0.8431,1131.6
439,0.00,0.00,6.0334,-46.9709,80.02,57.15,36.86,1.023445,0.140518,0.062500,1.1659,-0.8466,1134.2
440,0.00,0.00,6.0774,-46.5414,66.51,59.63,36.86,0.961024,0.231550,0.406250,1.1640,-0.8496,1136.8
441,0.00,0.00,6.1170,-49.5303,88.36,60.23,36.86,1.007538,0.262141,0.406250,1.1621,-0.8526,1139.4
442,0.00,0.00,6.0412,-48.2905,61.35,58.07,36.86,0.976120,0.318833,0.468750,1.1602,-0.8551,1141.8
443,0.00,0.00,6.0891,-47.6970,80.69,60.50,36.86,1.002320,0.149315,0.125000,1.1583,-0.8571,1144.1
444,0.00,0.00,6.0126,-52.1373,65.49,62.99,36.86,0.945854,0.228333,0.406250,1.1564,-0.8591,1146.3
445,0.00,0.00,6.0993,-51.7758,69.72,64.67,36.86,0.997391,0.147802,0.156250,1.1545,-0.8611,1148.6
446,0.00,0.00,6.1283,-50.1565,81.37,60.85,36.86,0.998596,0.281686,0.593750,1.1526,-0.8635,1150.8
447,0.00,0.00,6.1058,-50.9837,76.88,53.54,36.86,1.022038,0.218865,0.312500,1.1507,-0.8659,1153.4
448,0.00,0.00,6.0985,-52.8269,82.10,63.44,36.86,1.018486,0.194815,0.250000,1.1488,-0.8684,1156.0
449,0.00,0.00,6.1226,-50.0702,66.46,63.56,36.86,0.996070,0.179790,0.187500,1.1469,-0.8712,1158.6
450,0.00,0.00,6.1076,-52.4333,61.23,61.23,36.86,0.997171,0.225407,0.375000,1.1450,-0.8744,1161.2
451,0.00,0.00,6.0044,-50.8280,68.33,63.29,36.86,1.040711,0.143821,0.125000,1.1431,-0.8776,1163.8
452,0.00,0.00,6.0883,-49.9066,81.83,61.37,36.86,0.940953,0.210730,0.406250,1.1412,-0.8807,1166.5
453,0.00,0.00,6.0811,-51.8004,79.21,61.63,36.86,0.953100,0.194237,0.312500,1.1393,-0.8839,1169.1
454,0.00,0.00,6.1061,-50.5478,82.91,58.02,36.86,0.996948,0.159255,0.218750,1.1374,-0.8869,1171.7
455,0.00,0.00,6.1100,-51.3730,78.62,62.16,36.86,0.995469,0.153327,0.125000,1.1355,-0.8895,1174.0
456,0.00,0.00,6.0799,-48.1443,74.45,61.35,36.86,0.948031,0.174669,0.218750,1.1336,-0.8927,1176.6
457,0.00,0.00,6.0454,-51.9145,69.59,62.54,36.86,0.960532,0.105488,0.062500,1.1317,-0.8961,1179.1
458,0.00,0.00,6.0764,-48.8755,70.13,55.79,36.86,1.059346,0.153067,0.125000,1.1298,-0.8995,1181.7
459,0.00,0.00,6.0489,-52.3662,68.43,67.75,36.86,1.020984,0.257025,0.406250,1.1279,-0.9030,1184.3
460,0.00,0.00,6.2321,-51.5692,69.06,56.88,36.86,0.991285,0.197187,0.312500,1.1260,-0.9062,1186.9
461,0.00,0.00,6.1721,-51.3127,85.95,64.00,36.86,0.951451,0.206092,0.312500,1.1241,-0.9088,1189.6
462,0.00,0.00,6.0264,-49.9411,87.06,64.02,36.86,0.973349,0.212839,0.312500,1.1222,-0.9112,1192.2
463,0.00,0.00,6.1447,-49.2042,75.64,65.87,36.86,1.050303,0.248488,0.375000,1.1203,-0.9140,1194.5
464,0.00,0.00,6.1619,-51.7744,96.86,62.42,36.86,1.004189,0.223510,0.312500,1.1184,-0.9167,1197.1
465,0.00,0.00,6.1559,-51.6515,76.53,61.55,36.86,1.047284,0.232841,0.312500,1.1165,-0.9195,1199.7
466,0.00,0.00,6.1143,-48.3538,75.49,62.54,36.86,0.980211,0.218145,0.375000,1.1146,-0.9221,1202.3
467,0.00,0.00,6.1814,-51.4979,73.25,63.20,36.86,0.983562,0.153990,0.125000,1.1127,-0.9245,1204.9
468,0.00,0.00,6.2799,-53.7720,86.53,61.28,36.86,0.995863,0.226519,0.250000,1.1108,-0.9272,1207.5
469,0.00,0.00,6.2107,-52.0495,88.66,61.70,36.86,0.914890,0.244992,0.375000,1.1089,-0.9300,1210.1
470,0.00,0.00,6.1045,-55.3045,83.44,66.46,36.86,0.905337,0.198103,0.406250,1.1070,-0.9326,1212.7
471,0.00,0.00,6.2421,-53.3223,82.53,60.83,36.86,0.945905,0.158272,0.156250,1.1051,-0.9356,1215.1
472,0.00,0.00,6.1648,-51.0610,74.39,64.50,36.86,1.020290,0.292026,0.375000,1.1032,-0.9387,1217.8
473,0.00,0.00,6.2046,-49.7186,73.35,61.14,36.86,1.026466,0.170677,0.125000,1.1013,-0.9413,1220.4
474,0.00,0.00,6.2228,-50.3410,75.97,63.66,36.86,0.968595,0.193630,0.250000,1.0994,-0.9441,1223.0
475,0.00,0.00,6.1658,-49.5087,74.39,66.62,36.86,0.972946,0.274031,0.437500,1.0975,-0.9472,1225.6
476,0.00,0.00,6.2205,-48.6661,75.15,60.86,36.86,0.988645,0.247105,0.375000,1.0956,-0.9497,1228.2
477,0.00,0.00,6.1344,-51.0085,77.39,64.81,36.86,1.069219,0.297275,0.437500,1.0937,-0.9517,1230.9
478,0.00,0.00,6.0040,-49.0834,75.92,65.65,36.86,1.043416,0.247202,0.218750,1.0918,-0.9537,1233.5
479,0.00,0.00,6.1559,-50.9902,75.52,65.07,36.86,0.991328,0.236184,0.250000,1.0899,-0.9559,1236.1
480,0.00,0.00,6.2783,-49.0366,80.24,59.06,36.86,1.039358,0.196995,0.281250,1.0880,-0.9578,1238.4
481,0.00,0.00,6.2320,-48.4345,74.85,57.81,36.86,0.966226,0.219283,0.312500,1.0861,-0.9593,1241.0
482,0.00,0.00,6.1891,-51.0038,91.50,61.84,36.86,0.965752,0.251544,0.468750,1.0842,-0.9613,1243.6
483,0.00,0.00,6.2933,-46.6397,63.87,59.34,36.86,0.978028,0.260173,0.437500,1.0823,-0.9632,1246.2
484,0.00,0.00,6.2046,-49.4266,76.47,64.93,36.86,1.044343,0.261831,0.343750,1.0804,-0.9653,1248.9
485,0.00,0.00,6.1702,-49.0307,85.30,57.49,36.86,0.983172,0.278163,0.406250,1.0785,-0.9681,1251.2
486,0.00,0.00,6.2642,-49.7025,83.16,65.04,36.86,0.957122,0.137283,0.125000,1.0766,-0.9707,1253.8
487,0.00,0.00,6.2671,-51.4890,87.16,69.65,36.86,0.965566,0.147533,0.218750,1.0747,-0.9734,1256.4
488,0.00,0.00,6.2196,-49.1723,63.78,63.02,36.86,1.018298,0.225654,0.343750,1.0728,-0.9764,1258.7
489,0.00,0.00,6.2290,-48.4248,78.15,63.90,36.86,0.984857,0.200339,0.343750,1.0709,-0.9794,1261.3
490,0.00,0.00,6.1735,-50.5226,85.76,65.66,36.86,0.917897,0.234468,0.468750,1.0690,-0.9821,1263.9
491,0.00,0.00,6.1319,-50.8936,75.82,69.19,36.86,0.973176,0.198267,0.312500,1.0671,-0.9847,1266.5
492,0.00,0.00,6.1619,-50.0298,78.24,68.28,36.86,0.950231,0.180326,0.343750,1.0652,-0.9868,1269.1
493,0.00,0.00,6.2421,-50.6564,89.26,64.63,36.86,0.993135,0.199040,0.312500,1.0633,-0.9884,1271.7
494,0.00,0.00,6.1533,-49.6403,91.44,67.58,36.86,1.039731,0.183653,0.187500,1.0614,-0.9896,1274.3
495,0.00,0.00,6.1263,-47.2879,65.88,65.86,36.86,1.014959,0.235068,0.406250,1.0595,-0.9912,1276.9
496,0.00,0.00,6.1780,-49.5884,76.81,65.07,36.86,0.920964,0.210141,0.375000,1.0576,-0.9930,1279.3
497,0.00,0.00,6.2568,-49.3391,65.65,65.65,36.86,0.933573,0.262314,0.562500,1.0557,-0.9950,1281.8
498,0.00,0.00,6.2620,-49.6483,71.24,63.89,36.86,0.935352,0.227628,0.375000,1.0538,-0.9970,1284.4
499,0.00,0.00,6.2525,-50.8608,77.97,63.04,36.86,0.995414,0.224779,0.375000,1.0519,-0.9988,1287.0
500,0.00,0.00,6.2462,-49.2813,76.40,64.65,36.86,1.063519,0.206745,0.312500,1.0500,-1.0008,1289.5
501,0.00,0.00,6.2684,-50.6175,74.71,70.80,36.86,0.993953,0.219184,0.343750,1.0481,-1.0027,1293.9
502,0.00,0.00,6.2610,-48.7510,71.62,67.91,36.86,0.948258,0.209223,0.375000,1.0462,-1.0051,1296.5
503,0.00,0.00,6.2561,-48.8351,75.34,63.95,36.86,0.986501,0.164457,0.156250,1.0443,-1.0076,1299.1
504,0.00,0.00,6.2572,-48.1164,74.94,62.47,36.86,1.024811,0.272132,0.406250,1.0424,-1.0098,1301.5
505,0.00,0.00,6.1656,-48.4567,83.57,60.18,36.86,1.010188,0.242959,0.281250,1.0405,-1.0120,1304.1
506,0.00,0.00,6.2250,-50.0347,71.95,66.60,36.86,0.919422,0.250757,0.437500,1.0386,-1.0142,1306.8
507,0.00,0.00,6.2338,-46.6044,82.35,65.19,36.86,0.959041,0.197111,0.312500,1.0367,-1.0164,1309.4
508,0.00,0.00,6.1495,-48.2392,70.64,65.52,36.86,0.954273,0.199809,0.250000,1.0348,-1.0186,1312.1
509,0.00,0.00,6.3440,-48.6438,72.13,63.06,36.86,1.017693,0.320793,0.531250,1.0329,-1.0207,1314.7
510,0.00,0.00,6.2362,-46.4248,63.74,59.53,36.86,0.983793,0.224401,0.312500,1.0310,-1.0228,1317.3
511,0.00,0.00,6.2890,-45.7248,65.21,60.94,36.86,0.998775,0.222492,0.281250,1.0291,-1.0254,1319.9
512,0.00,0.00,6.2823,-44.8295,67.51,59.97,36.86,1.061934,0.291987,0.312500,1.0272,-1.0278,1322.3
513,0.00,0.00,6.2613,-47.5927,67.98,57.91,36.86,1.017546,0.236746,0.343750,1.0253,-1.0300,1324.9
514,0.00,0.00,6.3144,-47.5057,76.86,61.47,36.86,0.938219,0.209769,0.406250,1.0234,-1.0329,1327.5
515,0.00,0.00,6.2663,-48.6666,67.75,60.86,36.86,1.025187,0.231823,0.375000,1.0215,-1.0355,1330.1
516,0.00,0.00,6.3161,-44.9649,60.88,58.74,36.86,1.035980,0.342690,0.500000,1.0196,-1.0374,1332.7
517,0.00,0.00,6.2020,-48.1199,74.45,63.70,36.86,0.977268,0.306701,0.375000,1.0177,-1.0393,1335.3
518,0.00,0.00,6.1847,-46.2361,76.31,62.36,36.86,1.047971,0.223901,0.281250,1.0158,-1.0421,1337.9
519,0.00,0.00,6.3061,-46.2488,60.64,60.64,36.86,1.034110,0.235971,0.343750,1.0139,-1.0454,1340.5
520,0.00,0.00,6.3790,-45.8485,70.74,55.24,36.86,0.945579,0.274427,0.375000,1.0120,-1.0481,1342.9
521,0.00,0.00,6.3354,-47.6113,67.09,61.86,36.86,0.909884,0.242883,0.437500,1.0101,-1.0513,1345.6
522,0.00,0.00,6.2036,-44.7080,76.32,58.19,36.86,0.983255,0.268575,0.406250,1.0082,-1.0543,1348.2
523,0.00,0.00,6.3205,-43.0745,81.13,53.57,36.86,0.999416,0.202533,0.250000,1.0063,-1.0572,1350.9
524,0.00,0.00,6.3470,-43.3379,66.28,61.78,36.86,0.988640,0.246050,0.406250,1.0044,-1.0599,1353.5
525,0.00,0.00,6.3675,-44.0664,77.38,59.30,36.86,0.915147,0.203866,0.406250,1.0025,-1.0623,1356.1
526,0.00,0.00,6.2339,-45.4319,67.50,62.34,36.86,1.037065,0.267591,0.437500,1.0006,-1.0647,1358.7
527,0.00,0.00,6.3666,-45.8053,71.48,61.44,36.86,1.042559,0.306685,0.406250,0.9987,-1.0666,1361.3
528,0.00,0.00,6.3204,-43.9472,67.96,60.47,36.86,0.922028,0.283845,0.500000,0.9968,-1.0686,1364.0
529,0.00,0.00,6.3460,-43.4717,58.84,56.41,36.86,0.998687,0.272306,0.406250,0.9949,-1.0702,1366.3
530,0.00,0.00,6.3362,-45.2344,69.31,61.67,36.86,1.011642,0.249324,0.375000,0.9930,-1.0716,1368.9
531,0.00,0.00,6.4102,-45.3288,62.08,59.41,36.86,1.040409,0.230162,0.375000,0.9911,-1.0730,1371.5
532,0.00,0.00,6.3464,-46.8697,77.46,62.80,36.86,1.054255,0.271027,0.281250,0.9892,-1.0744,1374.1
533,0.00,0.00,6.2819,-46.6785,65.30,60.42,36.86,0.972866,0.252732,0.468750,0.9873,-1.0762,1376.7
534,0.00,0.00,6.3315,-46.0550,63.04,63.04,36.86,0.947366,0.239229,0.500000,0.9854,-1.0786,1379.3
535,0.00,0.00,6.3894,-45.4890,72.63,52.58,36.86,1.012049,0.248807,0.312500,0.9835,-1.0814,1381.8
536,0.00,0.00,6.2951,-43.9366,69.97,59.68,36.86,0.971719,0.264396,0.437500,0.9816,-1.0838,1384.4
537,0.00,0.00,6.3453,-43.9689,77.11,65.08,36.86,0.972849,0.265212,0.343750,0.9797,-1.0858,1386.8
538,0.00,0.00,6.3048,-45.7036,76.19,61.67,36.86,1.003328,0.260925,0.343750,0.9778,-1.0875,1389.4
539,0.00,0.00,6.2816,-45.6985,77.44,63.34,36.86,0.993503,0.265170,0.500000,0.9759,-1.0893,1392.0
540,0.00,0.00,6.4151,-44.7931,63.05,63.05,36.86,0.997929,0.332742,0.531250,0.9740,-1.0915,1394.6
541,0.00,0.00,6.3980,-46.4415,81.34,60.83,36.86,0.997305,0.224863,0.281250,0.9721,-1.0937,1397.2
542,0.00,0.00,6.3223,-45.3404,61.71,61.08,36.86,1.004813,0.278374,0.562500,0.9702,-1.0960,1399.8
543,0.00,0.00,6.3289,-45.7419,64.21,58.63,36.86,0.972735,0.324316,0.406250,0.9683,-1.0981,1402.4
544,0.00,0.00,6.3899,-45.9156,70.36,60.40,36.86,0.995395,0.278909,0.375000,0.9664,-1.1003,1405.0
545,0.00,0.00,6.3317,-44.8968,76.32,58.79,36.86,0.940038,0.279284,0.468750,0.9645,-1.1025,1407.1
546,0.00,0.00,6.3758,-44.2079,65.62,63.96,36.86,1.056889,0.361805,0.593750,0.9626,-1.1045,1409.6
547,0.00,0.00,6.3725,-44.2620,71.33,61.50,36.86,0.887660,0.225522,0.437500,0.9607,-1.1064,1412.3
548,0.00,0.00,6.3980,-44.0303,69.86,59.66,36.86,1.014594,0.344435,0.625000,0.9588,-1.1079,1414.9
549,0.00,0.00,6.4746,-43.5975,66.20,65.44,36.86,0.992394,0.226369,0.406250,0.9569,-1.1096,1417.5
550,0.00,0.00,6.4273,-44.5920,79.27,60.23,36.86,1.012781,0.283079,0.531250,0.9550,-1.1112,1420.1
551,0.00,0.00,6.4430,-42.4253,67.63,54.43,36.86,0.954593,0.235678,0.406250,0.9531,-1.1131,1422.7
552,0.00,0.00,6.3876,-44.2253,67.75,58.51,36.86,0.994477,0.237276,0.500000,0.9512,-1.1152,1425.3
553,0.00,0.00,6.3868,-44.8645,71.49,58.37,36.86,0.917127,0.310663,0.500000,0.9493,-1.1175,1427.9
554,0.00,0.00,6.4110,-44.1734,74.25,59.36,36.86,0.970698,0.266338,0.437500,0.9474,-1.1199,1430.2
555,0.00,0.00,6.4020,-43.4603,74.47,55.40,36.86,0.970415,0.301986,0.468750,0.9455,-1.1224,1432.8
556,0.00,0.00,6.4510,-42.3988,70.73,59.67,36.86,1.060237,0.259875,0.312500,0.9436,-1.1246,1435.4
557,0.00,0.00,6.4253,-44.0824,75.16,59.92,36.86,1.088412,0.354504,0.656250,0.9417,-1.1269,1438.0
558,0.00,0.00,6.5579,-41.9931,67.04,59.46,36.86,0.991072,0.245348,0.343750,0.9398,-1.1288,1440.6
559,0.00,0.00,6.4254,-44.1838,72.59,56.06,36.86,1.037720,0.274746,0.406250,0.9379,-1.1304,1443.2
560,0.00,0.00,6.4066,-45.4961,70.03,63.64,36.86,1.074228,0.226747,0.343750,0.9360,-1.1320,1445.8
561,0.00,0.00,6.4680,-42.8773,70.06,65.03,36.86,1.048168,0.236062,0.250000,0.9341,-1.1337,1448.4
562,0.00,0.00,6.4452,-45.3365,69.73,59.22,36.86,1.044328,0.244617,0.406250,0.9322,-1.1359,1450.8
563,0.00,0.00,6.5563,-45.0604,70.70,62.79,36.86,1.029689,0.239925,0.312500,0.9303,-1.1383,1453.4
564,0.00,0.00,6.4577,-44.8031,68.56,66.49,36.86,0.978612,0.269612,0.406250,0.9284,-1.1404,1456.1
565,0.00,0.00,6.4640,-42.7899,60.11,57.55,36.86,1.029425,0.271882,0.343750,0.9265,-1.1425,1458.7
566,0.00,0.00,6.5978,-42.4040,63.98,58.68,36.86,1.051561,0.293939,0.468750,0.9246,-1.1447,1461.3
567,0.00,0.00,6.5359,-42.3764,69.48,60.58,36.86,0.928101,0.247051,0.468750,0.9227,-1.1469,1463.9
568,0.00,0.00,6.5229,-40.4455,61.67,59.91,36.86,0.993352,0.311316,0.468750,0.9208,-1.1486,1466.5
569,0.00,0.00,6.3953,-38.9492,65.99,61.00,36.86,0.936321,0.267875,0.500000,0.9189,-1.1499,1469.1
570,0.00,0.00,6.4793,-39.3169,66.77,63.21,36.86,0.973195,0.279642,0.437500,0.9170,-1.1516,1471.7
571,0.00,0.00,6.5087,-40.2155,73.29,59.06,36.86,1.060525,0.315563,0.281250,0.9151,-1.1533,1474.1
572,0.00,0.00,6.4916,-38.6436,63.41,59.53,36.86,0.932227,0.240188,0.468750,0.9132,-1.1551,1476.7
573,0.00,0.00,6.4857,-40.6404,70.35,59.51,36.86,0.946083,0.198063,0.218750,0.9113,-1.1573,1479.3
574,0.00,0.00,6.5317,-40.1820,69.21,60.68,36.86,0.994112,0.289759,0.437500,0.9094,-1.1594,1482.0
575,0.00,0.00,6.5093,-39.3368,66.50,57.82,36.86,0.973904,0.313329,0.437500,0.9075,-1.1613,1484.6
576,0.00,0.00,6.5205,-39.4343,68.36,57.34,36.86,0.939384,0.271250,0.468750,0.9056,-1.1630,1487.2
577,0.00,0.00,6.5055,-39.9103,65.40,61.05,36.86,0.938139,0.250022,0.500000,0.9037,-1.1645,1489.8
578,0.00,0.00,6.5588,-38.9527,66.07,60.08,36.86,1.081948,0.310038,0.531250,0.9018,-1.1659,1492.5
579,0.00,0.00,6.5907,-38.5446,64.88,59.05,36.86,1.008633,0.238895,0.312500,0.8999,-1.1672,1494.7
580,0.00,0.00,6.3905,-40.9340,67.65,58.39,36.86,1.030834,0.301793,0.531250,0.8980,-1.1687,1497.4
581,0.00,0.00,6.4672,-40.7262,67.70,59.67,36.86,1.038601,0.208724,0.281250,0.8961,-1.1700,1499.9
582,0.00,0.00,6.5006,-40.0898,64.47,57.60,36.86,1.019338,0.300374,0.468750,0.8942,-1.1716,1502.5
583,0.00,0.00,6.6270,-39.8346,57.14,57.14,36.86,1.007225,0.369001,0.562500,0.8923,-1.1730,1505.0
584,0.00,0.00,6.6153,-41.0588,61.17,54.66,36.86,0.912133,0.214184,0.343750,0.8904,-1.1746,1507.4
585,0.00,0.00,6.4606,-39.7662,63.82,55.36,36.86,0.936109,0.222241,0.343750,0.8885,-1.1760,1510.0
586,0.00,0.00,6.4964,-39.8930,68.80,60.76,36.86,0.959883,0.259324,0.531250,0.8866,-1.1773,1512.6
587,0.00,0.00,6.5750,-38.8145,59.33,56.39,36.86,1.001703,0.222794,0.312500,0.8847,-1.1785,1515.0
588,0.00,0.00,6.5009,-39.4195,64.06,56.94,36.86,0.967172,0.197250,0.343750,0.8828,-1.1803,1517.6
589,0.00,0.00,6.5884,-40.1922,67.97,58.39,36.86,1.030066,0.327088,0.437500,0.8809,-1.1824,1520.2
590,0.00,0.00,6.4196,-38.7254,59.01,57.28,36.86,1.059865,0.305007,0.468750,0.8790,-1.1847,1522.8
591,0.00,0.00,6.5479,-40.1303,69.11,57.54,36.86,0.986614,0.340950,0.531250,0.8771,-1.1867,1525.4
592,0.00,0.00,6.5450,-39.2128,68.12,59.24,36.86,0.931102,0.260112,0.500000,0.8752,-1.1888,1528.0
593,0.00,0.00,6.5181,-38.7056,64.79,55.57,36.86,1.030454,0.258761,0.406250,0.8733,-1.1911,1530.6
594,0.00,0.00,6.4984,-39.4234,67.74,59.48,36.86,0.966321,0.294288,0.437500,0.8714,-1.1935,1533.2
595,0.00,0.00,6.5545,-39.9333,67.07,58.68,36.86,1.001926,0.246539,0.312500,0.8695,-1.1959,1535.8
596,0.00,0.00,6.5273,-40.0415,67.65,58.73,36.86,1.011473,0.269205,0.468750,0.8676,-1.1983,1538.2
597,0.00,0.00,6.5243,-41.0269,65.49,56.81,36.86,1.055425,0.325653,0.437500,0.8657,-1.2011,1540.8
598,0.00,0.00,6.5473,-41.5571,70.15,57.33,36.86,1.029830,0.239644,0.375000,0.8638,-1.2035,1543.4
599,0.00,0.00,6.6113,-41.3725,67.38,58.56,36.86,0.920193,0.308825,0.500000,0.8619,-1.2053,1545.7
600,0.00,0.00,6.5441,-41.4195,61.45,56.70,36.86,0.957896,0.334659,0.531250,0.8600,-1.2074,1548.4
601,0.00,0.00,6.5008,-39.5267,69.27,56.62,36.86,0.995494,0.303140,0.468750,0.8581,-1.2092,1552.7
602,0.00,0.00,6.5850,-40.3052,69.07,57.13,36.86,1.013263,0.388575,0.468750,0.8562,-1.2113,1555.3
603,0.00,0.00,6.6092,-38.0899,58.88,56.63,36.86,0.986562,0.284264,0.375000,0.8543,-1.2138,1557.7
604,0.00,0.00,6.6887,-39.0266,61.26,55.72,36.86,1.050700,0.324219,0.468750,0.8524,-1.2166,1560.3
605,0.00,0.00,6.5435,-38.8350,67.03,58.31,36.86,1.052577,0.388291,0.468750,0.8505,-1.2195,1562.9
606,0.00,0.00,6.6056,-37.7746,67.29,57.41,36.86,0.993813,0.312261,0.500000,0.8486,-1.2217,1565.5
607,0.00,0.00,6.6187,-38.2664,67.25,56.71,36.86,1.029114,0.426111,0.687500,0.8467,-1.2235,1568.1
608,0.00,0.00,6.5684,-38.3965,64.10,60.23,36.86,1.103477,0.346390,0.593750,0.8448,-1.2255,1570.7
609,0.00,0.00,6.6310,-38.1118,67.75,57.23,36.86,0.980972,0.267191,0.437500,0.8429,-1.2284,1573.3
610,0.00,0.00,6.6493,-38.8270,66.61,57.38,36.86,1.030030,0.257879,0.437500,0.8410,-1.2313,1576.0
611,0.00,0.00,6.6357,-37.2275,65.91,58.62,36.86,0.976313,0.398954,0.562500,0.8391,-1.2338,1578.6
612,0.00,0.00,6.6626,-38.1153,66.16,56.04,36.86,0.923181,0.286689,0.531250,0.8372,-1.2357,1581.6
613,0.00,0.00,6.6755,-37.9190,61.38,56.32,36.86,0.980591,0.257444,0.343750,0.8353,-1.2374,1584.2
614,0.00,0.00,6.6723,-37.6076,60.77,58.45,36.86,0.929208,0.339186,0.718750,0.8334,-1.2392,1586.9
615,0.00,0.00,6.7268,-38.3420,61.12,59.84,36.86,1.005919,0.361127,0.656250,0.8315,-1.2406,1589.5
616,0.00,0.00,6.6348,-39.5228,63.15,57.81,36.86,0.969452,0.252114,0.406250,0.8296,-1.2422,1592.1
617,0.00,0.00,6.6854,-38.7690,65.22,57.85,36.86,0.956215,0.214656,0.250000,0.8277,-1.2437,1594.7
618,0.00,0.00,6.6567,-38.7058,69.21,57.78,36.86,1.055277,0.333799,0.562500,0.8258,-1.2451,1597.3
619,0.00,0.00,6.7501,-37.7723,64.31,53.61,36.86,0.926129,0.354341,0.718750,0.8239,-1.2469,1600.0
620,0.00,0.00,6.6461,-38.4787,69.07,57.05,36.86,0.959499,0.288887,0.406250,0.8220,-1.2486,1602.3
621,0.00,0.00,6.7193,-37.8412,56.84,54.39,36.86,0.997920,0.269812,0.437500,0.8201,-1.2500,1604.9
622,0.00,0.00,6.7221,-37.6868,62.97,55.55,36.86,1.001072,0.296603,0.468750,0.8182,-1.2520,1607.6
623,0.00,0.00,6.7944,-38.3843,59.25,55.21,36.86,1.012831,0.291039,0.437500,0.8163,-1.2538,1610.2
624,0.00,0.00,6.7146,-38.4944,66.66,54.33,36.86,0.923006,0.214193,0.437500,0.8144,-1.2555,1612.8
625,0.00,0.00,6.6635,-38.5148,61.28,57.63,36.86,1.006356,0.326120,0.406250,0.8125,-1.2571,1615.4
626,0.00,0.00,6.6826,-38.2004,60.88,56.13,36.86,0.998261,0.297392,0.468750,0.8106,-1.2587,1618.0
627,0.00,0.00,6.6651,-39.0409,65.81,54.83,36.86,0.977450,0.341787,0.500000,0.8087,-1.2601,1620.6
628,0.00,0.00,6.6479,-37.7261,67.58,55.05,36.86,1.035532,0.265798,0.375000,0.8068,-1.2615,1623.2
629,0.00,0.00,6.6277,-39.3607,58.70,58.70,36.86,0.937704,0.288695,0.437500,0.8049,-1.2627,1625.7
630,0.00,0.00,6.7136,-38.5913,64.43,56.90,36.86,0.976160,0.352702,0.562500,0.8030,-1.2641,1628.3
631,0.00,0.00,6.7042,-37.7250,59.61,54.45,36.86,1.078298,0.388953,0.625000,0.8011,-1.2655,1630.9
632,0.00,0.00,6.6333,-38.4183,58.78,56.59,36.86,0.978534,0.372176,0.500000,0.7992,-1.2669,1633.5
633,0.00,0.00,6.7621,-37.9268,60.67,55.04,36.86,1.111741,0.586539,0.625000,0.7973,-1.2683,1636.1
634,0.00,0.00,6.5957,-39.4756,64.34,55.48,36.86,1.027906,0.328396,0.437500,0.7954,-1.2697,1638.8
635,0.00,0.00,6.7500,-39.3923,58.38,56.17,36.86,0.962952,0.401006,0.625000,0.7935,-1.2712,1641.4
636,0.00,0.00,6.6817,-39.5713,60.63,56.60,36.86,0.963424,0.237895,0.375000,0.7916,-1.2724,1644.1
637,0.00,0.00,6.7302,-38.2384,55.77,53.78,36.86,1.006062,0.285810,0.468750,0.7897,-1.2733,1646.4
638,0.00,0.00,6.6397,-39.0052,61.18,54.45,36.86,0.946202,0.256296,0.375000,0.7878,-1.2748,1649.0
639,0.00,0.00,6.6887,-38.4695,67.32,55.66,36.86,0.999483,0.308092,0.468750,0.7859,-1.2763,1651.6
640,0.00,0.00,6.7148,-38.6368,57.37,54.24,36.86,0.939505,0.251306,0.500000,0.7840,-1.2779,1654.3
641,0.00,0.00,6.6984,-38.3601,63.57,55.18,36.86,0.988997,0.321334,0.406250,0.7821,-1.2794,1656.9
642,0.00,0.00,6.6020,-39.2143,60.85,55.27,36.86,0.956370,0.422746,0.593750,0.7802,-1.2807,1659.5
643,0.00,0.00,6.8081,-38.9813,63.29,53.53,36.86,0.965931,0.393727,0.625000,0.7783,-1.2822,1662.1
644,0.00,0.00,6.6715,-38.2085,65.55,53.76,36.86,0.919373,0.261571,0.500000,0.7764,-1.2838,1664.5
645,0.00,0.00,6.6695,-38.9637,60.25,57.06,36.86,1.042490,0.318171,0.531250,0.7745,-1.2853,1666.9
646,0.00,0.00,6.8062,-38.7797,64.69,51.66,36.86,1.056136,0.386031,0.593750,0.7726,-1.2867,1669.5
647,0.00,0.00,6.7598,-39.2731,64.32,55.50,36.86,0.980150,0.298106,0.437500,0.7707,-1.2877,1672.1
648,0.00,0.00,6.7472,-38.3991,60.59,54.87,36.86,1.138308,0.447661,0.625000,0.7688,-1.2886,1674.7
649,0.00,0.00,6.6895,-40.0377,62.53,56.87,36.86,0.984902,0.339998,0.500000,0.7669,-1.2894,1677.3
650,0.00,0.00,6.7191,-39.6095,66.02,56.49,36.86,0.928437,0.353175,0.562500,0.7650,-1.2904,1679.9
651,0.00,0.00,6.7413,-38.2861,64.66,57.13,36.86,1.042765,0.396468,0.531250,0.7631,-1.2915,1682.5
652,0.00,0.00,6.7460,-37.2077,57.02,57.02,36.86,0.945049,0.414300,0.531250,0.7612,-1.2926,1685.1
653,0.00,0.00,6.7986,-37.0438,59.82,54.87,36.86,1.072503,0.426080,0.500000,0.7593,-1.2932,1687.6
654,0.00,0.00,6.6967,-37.5226,58.35,56.99,36.86,0.985169,0.344574,0.437500,0.7574,-1.2946,1690.0
655,0.00,0.00,6.7804,-38.9457,63.76,58.94,36.86,0.911981,0.379482,0.781250,0.7555,-1.2962,1692.6
656,0.00,0.00,6.7107,-38.6391,60.97,56.79,36.86,1.031631,0.326339,0.500000,0.7536,-1.2976,1695.2
657,0.00,0.00,6.8400,-38.9590,60.80,57.59,36.86,1.070735,0.415185,0.562500,0.7517,-1.2989,1697.9
658,0.00,0.00,6.7890,-39.3983,61.44,54.28,36.86,0.990585,0.368608,0.656250,0.7498,-1.3006,1700.5
659,0.00,0.00,6.7867,-37.4082,60.83,57.51,36.86,0.975334,0.256079,0.312500,0.7479,-1.3027,1703.1
660,0.00,0.00,6.7360,-38.0153,57.71,56.09,36.86,0.926446,0.345462,0.656250,0.7460,-1.3049,1705.7
661,0.00,0.00,6.7987,-37.9166,62.48,56.48,36.86,1.018347,0.354670,0.468750,0.7441,-1.3066,1708.3
662,0.00,0.00,6.7705,-38.3089,63.79,58.33,36.86,0.978082,0.354098,0.437500,0.7422,-1.3077,1710.6
663,0.00,0.00,6.7987,-38.6027,64.99,57.39,36.86,1.009155,0.289292,0.375000,0.7403,-1.3089,1713.2
664,0.00,0.00,6.7676,-39.3455,65.12,57.71,36.86,1.132265,0.378710,0.375000,0.7384,-1.3102,1715.8
665,0.00,0.00,6.8556,-39.5035,64.41,58.95,36.86,1.011707,0.367316,0.468750,0.7365,-1.3112,1718.4
666,0.00,0.00,6.7657,-40.4324,68.17,60.48,36.86,0.922276,0.488858,0.718750,0.7346,-1.3122,1721.0
667,0.00,0.00,6.7838,-41.3790,68.70,61.97,36.86,0.998677,0.405219,0.718750,0.7327,-1.3131,1723.6
668,0.00,0.00,6.8129,-41.4717,61.87,61.72,36.86,0.983395,0.387089,0.593750,0.7308,-1.3140,1726.2
669,0.00,0.00,6.7170,-40.9558,61.84,60.60,36.86,0.907185,0.385343,0.718750,0.7289,-1.3150,1728.8
670,0.00,0.00,6.7962,-42.2423,67.92,62.86,36.86,0.944785,0.348563,0.656250,0.7270,-1.3161,1731.1
671,0.00,0.00,6.7555,-41.6432,63.21,60.76,36.86,0.980488,0.217915,0.312500,0.7251,-1.3179,1733.7
672,0.00,0.00,6.7474,-41.3949,65.48,60.09,36.86,0.964788,0.362906,0.468750,0.7232,-1.3196,1736.3
673,0.00,0.00,6.7686,-42.7392,66.55,60.81,36.86,1.095259,0.417075,0.562500,0.7213,-1.3215,1738.9
674,0.00,0.00,6.8042,-40.8042,68.87,61.65,36.86,1.000431,0.315742,0.531250,0.7194,-1.3235,1741.5
675,0.00,0.00,6.8630,-40.3502,63.15,59.47,36.86,0.923949,0.282130,0.375000,0.7175,-1.3256,1744.2
676,0.00,0.00,6.8664,-40.4951,66.09,62.33,36.86,1.022305,0.333731,0.531250,0.7156,-1.3278,1746.8
677,0.00,0.00,6.8169,-40.3908,67.11,59.75,36.86,0.963202,0.404053,0.593750,0.7137,-1.3296,1749.4
678,0.00,0.00,6.8258,-40.6232,67.43,59.61,36.86,1.016925,0.365529,0.625000,0.7118,-1.3314,1751.9
679,0.00,0.00,6.7770,-39.0490,63.72,59.35,36.86,0.871668,0.344281,0.750000,0.7099,-1.3330,1754.3
680,0.00,0.00,6.7682,-38.9796,62.34,61.25,36.86,1.071817,0.472160,0.562500,0.7080,-1.3344,1756.9
681,0.00,0.00,6.8366,-39.9164,68.82,61.00,36.86,0.965732,0.312829,0.531250,0.7061,-1.3362,1759.5
682,0.00,0.00,6.8631,-39.4979,73.10,57.35,36.86,0.964653,0.304081,0.500000,0.7042,-1.3379,1762.0
683,0.00,0.00,6.8412,-40.2659,66.54,61.23,36.86,1.026511,0.346402,0.625000,0.7023,-1.3394,1764.5
684,0.00,0.00,6.7929,-37.9799,64.59,59.04,36.86,0.945534,0.427707,0.687500,0.7004,-1.3409,1767.1
685,0.00,0.00,6.7571,-39.6589,61.96,57.72,36.86,1.086025,0.504070,0.656250,0.6985,-1.3421,1769.7
686,0.00,0.00,6.9115,-39.3073,64.26,57.74,36.86,1.147219,0.403117,0.593750,0.6966,-1.3435,1772.3
687,0.00,0.00,6.8464,-39.8882,66.09,61.41,36.86,1.049049,0.453948,0.562500,0.6947,-1.3450,1774.7
688,0.00,0.00,6.9088,-40.2306,67.49,60.35,36.86,0.951449,0.378040,0.593750,0.6928,-1.3466,1777.2
689,0.00,0.00,6.8745,-40.1530,67.97,61.53,36.86,0.987904,0.457550,0.781250,0.6909,-1.3481,1779.9
690,0.00,0.00,6.8507,-39.4813,62.93,59.83,36.86,1.042561,0.494294,0.531250,0.6890,-1.3497,1782.4
691,0.00,0.00,6.8644,-39.5753,66.83,59.74,36.86,0.884364,0.242652,0.562500,0.6871,-1.3515,1785.0
692,0.00,0.00,6.8287,-39.8951,64.85,58.63,36.86,1.050068,0.346662,0.531250,0.6852,-1.3533,1787.6
693,0.00,0.00,6.9152,-41.4839,65.82,62.47,36.86,1.098142,0.415238,0.625000,0.6833,-1.3551,1790.2
694,0.00,0.00,6.8454,-40.8816,62.80,61.03,36.86,0.975656,0.372592,0.656250,0.6814,-1.3568,1792.8
695,0.00,0.00,6.8204,-40.5910,67.12,61.73,36.86,0.864407,0.381767,0.656250,0.6795,-1.3585,1795.1
696,0.00,0.00,6.8933,-40.5374,65.84,60.21,36.86,0.909372,0.371289,0.593750,0.6776,-1.3602,1797.7
697,0.00,0.00,6.8926,-40.2397,66.38,59.86,36.86,0.969648,0.315351,0.437500,0.6757,-1.3619,1800.3
698,0.00,0.00,6.8393,-40.2209,65.69,60.57,36.86,1.029471,0.485039,0.718750,0.6738,-1.3634,1802.7
699,0.00,0.00,6.8886,-40.8886,63.60,59.04,36.86,0.948595,0.369952,0.593750,0.6719,-1.3648,1805.3
700,0.00,0.00,6.8924,-41.5292,65.61,60.52,36.86,0.974080,0.423190,0.687500,0.6700,-1.3659,1808.0
701,0.00,0.00,6.8727,-40.8524,63.07,60.57,36.86,0.985573,0.338151,0.468750,0.6681,-1.3671,1812.1
702,0.00,0.00,6.9855,-40.9958,65.32,61.10,36.86,1.018192,0.229172,0.281250,0.6662,-1.3686,1814.7
703,0.00,0.00,6.8811,-41.3093,65.48,61.05,36.86,1.042509,0.844921,0.562500,0.6643,-1.3702,1817.1
704,0.00,0.00,6.8645,-41.3314,63.45,61.64,36.86,1.198509,0.601776,0.562500,0.6624,-1.3718,1819.7
705,0.00,0.00,6.9977,-41.0677,64.68,60.90,36.86,1.074861,0.453844,0.625000,0.6605,-1.3735,1822.4
706,0.00,0.00,6.9497,-41.3956,63.80,60.59,36.86,1.026606,0.427184,0.625000,0.6586,-1.3752,1825.0
707,0.00,0.00,6.9375,-41.3750,67.23,59.74,36.86,1.036840,0.416836,0.625000,0.6567,-1.3768,1827.6
708,0.00,0.00,6.8001,-41.5754,66.91,59.99,36.86,0.888884,0.348610,0.593750,0.6548,-1.3786,1830.2
709,0.00,0.00,6.8769,-41.5842,64.67,61.89,36.86,1.082682,0.488579,0.718750,0.6529,-1.3802,1832.8
710,0.00,0.00,6.9058,-40.6521,63.29,60.79,36.86,0.937558,0.370487,0.625000,0.6510,-1.3812,1835.5
711,0.00,0.00,6.8923,-40.3426,63.28,58.54,36.86,0.949183,0.383450,0.750000,0.6491,-1.3816,1837.9
712,0.00,0.00,7.0333,-39.3685,66.00,58.58,36.86,0.983174,0.439474,0.656250,0.6472,-1.3823,1840.5
713,0.00,0.00,6.9006,-39.0669,58.96,58.96,36.86,1.011189,0.435725,0.656250,0.6453,-1.3834,1843.1
714,0.00,0.00,6.9244,-39.5317,63.96,60.94,36.86,0.993922,0.516386,0.687500,0.6434,-1.3845,1845.7
715,0.00,0.00,6.8858,-38.7794,63.03,57.56,36.86,1.031834,0.444027,0.562500,0.6415,-1.3860,1848.3
716,0.00,0.00,6.9424,-39.7724,64.77,59.80,36.86,0.989434,0.293455,0.437500,0.6396,-1.3873,1850.9
717,0.00,0.00,6.9671,-39.4119,63.41,58.66,36.86,1.052145,0.471602,0.562500,0.6377,-1.3884,1853.5
718,0.00,0.00,6.9376,-38.5660,57.76,56.92,36.86,0.978752,0.384261,0.593750,0.6358,-1.3895,1856.1
719,0.00,0.00,7.0397,-38.1057,63.53,58.57,36.86,0.974683,0.405858,0.625000,0.6339,-1.3906,1858.6
720,0.00,0.00,6.9390,-37.4922,62.37,56.80,36.86,1.019517,0.465819,0.656250,0.6320,-1.3918,1861.2
721,0.00,0.00,6.9310,-38.7335,61.45,58.50,36.86,0.773401,0.345258,0.718750,0.6301,-1.3927,1863.8
722,0.00,0.00,6.9868,-38.9161,63.48,57.67,36.86,1.035437,0.413619,0.500000,0.6282,-1.3936,1866.4
723,0.00,0.00,6.8509,-37.5871,61.54,59.27,36.86,1.018135,0.468443,0.656250,0.6263,-1.3946,1869.0
724,0.00,0.00,6.9239,-38.4701,62.49,58.55,36.86,0.937982,0.348063,0.593750,0.6244,-1.3957,1871.6
725,0.00,0.00,6.9868,-37.6004,61.62,59.24,36.86,0.930956,0.328480,0.625000,0.6225,-1.3965,1874.2
726,0.00,0.00,6.9407,-37.4764,61.93,57.49,36.86,1.090990,0.486661,0.625000,0.6206,-1.3974,1876.8
727,0.00,0.00,6.9840,-37.6870,64.77,59.17,36.86,0.913255,0.319827,0.625000,0.6187,-1.3983,1879.4
728,0.00,0.00,6.9446,-37.3253,64.70,59.25,36.86,0.949294,0.411876,0.593750,0.6168,-1.3994,1881.8
729,0.00,0.00,6.9697,-37.9479,62.29,57.56,36.86,1.126884,0.578324,0.687500,0.6149,-1.4006,1884.3
730,0.00,0.00,7.0738,-37.8406,62.08,58.68,36.86,0.992358,0.320266,0.375000,0.6130,-1.4015,1886.9
731,0.00,0.00,6.9673,-37.5869,62.64,56.87,36.86,0.936169,0.339139,0.468750,0.6111,-1.4025,1889.6
732,0.00,0.00,7.0045,-38.4366,60.12,59.59,36.86,0.898388,0.386214,0.656250,0.6092,-1.4034,1892.2
733,0.00,0.00,7.0326,-39.7561,64.68,58.93,36.86,0.936905,0.383532,0.656250,0.6073,-1.4042,1894.8
734,0.00,0.00,7.0683,-38.8577,62.62,59.49,36.86,1.044880,0.463091,0.781250,0.6054,-1.4051,1897.4
735,0.00,0.00,7.0288,-38.1877,61.25,58.77,36.86,0.932591,0.445649,0.656250,0.6035,-1.4063,1900.0
736,0.00,0.00,6.9585,-38.0108,61.93,58.68,36.86,0.932164,0.440263,0.593750,0.6016,-1.4076,1902.3
737,0.00,0.00,7.0317,-40.0719,60.66,59.93,36.86,0.908949,0.330582,0.593750,0.5997,-1.4091,1905.0
738,0.00,0.00,6.9606,-40.0229,62.27,60.52,36.86,1.006254,0.430562,0.687500,0.5978,-1.4104,1907.6
739,0.00,0.00,7.0340,-40.1710,61.84,60.58,36.86,1.097296,0.546497,0.468750,0.5959,-1.4115,1910.2
740,0.00,0.00,7.0886,-39.9258,60.79,59.84,36.86,0.877705,0.319404,0.500000,0.5940,-1.4125,1912.8
741,0.00,0.00,6.9912,-40.4968,61.80,59.58,36.86,1.037262,0.422299,0.593750,0.5921,-1.4137,1915.5
742,0.00,0.00,7.0281,-38.9905,63.22,58.74,36.86,1.030196,0.517841,0.687500,0.5902,-1.4151,1918.1
743,0.00,0.00,7.0205,-39.1248,59.96,59.01,36.86,0.866507,0.364813,0.656250,0.5883,-1.4166,1920.5
744,0.00,0.00,7.0346,-38.2560,61.89,59.80,36.86,1.003448,0.596933,0.750000,0.5864,-1.4179,1922.7
745,0.00,0.00,7.0826,-39.3436,65.25,59.39,36.86,1.046722,0.514183,0.500000,0.5845,-1.4191,1925.3
746,0.00,0.00,7.0178,-39.6188,68.29,59.86,36.86,1.072610,0.398565,0.500000,0.5826,-1.4205,1927.9
747,0.00,0.00,7.0115,-39.5545,64.98,58.32,36.86,0.956959,0.351130,0.531250,0.5807,-1.4222,1930.5
748,0.00,0.00,7.0060,-39.6265,63.12,60.52,36.86,1.079898,0.499914,0.718750,0.5788,-1.4240,1933.2
749,0.00,0.00,7.0435,-40.7005,64.46,59.74,36.86,1.056058,0.394997,0.562500,0.5769,-1.4259,1935.8
750,0.00,0.00,7.1064,-40.2959,63.32,61.28,36.86,0.941291,0.560031,0.812500,0.5750,-1.4276,1938.4
751,0.00,0.00,6.9970,-40.9074,61.57,60.19,36.86,0.996620,0.552839,0.843750,0.5731,-1.4290,1941.0
752,0.00,0.00,7.0125,-41.5938,61.23,59.75,36.86,1.146785,0.418750,0.593750,0.5712,-1.4302,1943.6
753,0.00,0.00,7.0999,-40.7292,63.77,60.38,36.86,0.913712,0.427879,0.656250,0.5693,-1.4313,1946.0
754,0.00,0.00,7.0666,-41.6064,65.39,60.69,36.86,1.053892,0.508132,0.656250,0.5674,-1.4325,1948.6
755,0.00,0.00,7.1917,-41.9353,61.97,61.35,36.86,1.054451,0.615658,0.750000,0.5655,-1.4336,1951.3
756,0.00,0.00,7.0698,-41.9014,63.79,61.99,36.86,0.945583,0.310513,0.531250,0.5636,-1.4346,1953.9
757,0.00,0.00,6.9843,-40.8213,67.41,60.95,36.86,1.088515,0.571368,0.750000,0.5617,-1.4358,1956.6
758,0.00,0.00,7.0398,-41.6274,66.85,61.68,36.86,0.960638,0.463683,0.687500,0.5598,-1.4373,1959.2
759,0.00,0.00,6.9999,-41.6040,65.62,61.98,36.86,1.093882,0.512940,0.812500,0.5579,-1.4388,1961.8
760,0.00,0.00,7.0249,-41.2285,66.28,60.27,36.86,1.149438,0.495882,0.718750,0.5560,-1.4401,1964.4
761,0.00,0.00,7.0525,-41.7613,64.32,61.70,36.86,0.941494,0.429298,0.625000,0.5541,-1.4414,1966.8
762,0.00,0.00,7.0285,-40.0453,65.02,59.55,36.86,1.028588,0.403003,0.562500,0.5522,-1.4424,1969.4
763,0.00,0.00,6.9819,-40.4181,64.21,60.77,36.86,0.995301,0.506346,0.656250,0.5503,-1.4434,1972.0
764,0.00,0.00,7.0227,-40.8131,63.77,61.04,36.86,0.894850,0.395626,0.718750,0.5484,-1.4445,1974.7
765,0.00,0.00,7.0880,-40.8698,62.02,59.99,36.86,1.193405,0.757738,0.625000,0.5465,-1.4458,1977.3
766,0.00,0.00,7.0916,-41.4081,64.83,60.64,36.86,1.068872,0.501038,0.718750,0.5446,-1.4472,1979.9
767,0.00,0.00,7.1191,-41.0943,65.92,61.16,36.86,0.916551,0.383576,0.656250,0.5427,-1.4486,1982.5
768,0.00,0.00,7.1073,-38.7312,61.20,58.84,36.86,1.068798,0.492770,0.500000,0.5408,-1.4499,1985.2
769,0.00,0.00,7.1171,-39.4666,66.29,58.68,36.86,1.047567,0.513047,0.593750,0.5389,-1.4509,1987.6
770,0.00,0.00,7.0689,-39.1583,64.68,58.67,36.86,1.065830,0.537253,0.656250,0.5370,-1.4518,1990.1
771,0.00,0.00,7.0749,-38.3982,63.09,58.95,36.86,0.953744,0.381832,0.531250,0.5351,-1.4525,1992.8
772,0.00,0.00,7.1072,-39.2899,60.79,60.79,36.86,0.932700,0.387421,0.718750,0.5332,-1.4531,1995.4
773,0.00,0.00,7.0369,-38.9520,62.94,60.25,36.86,1.029439,0.491823,0.687500,0.5313,-1.4539,1997.9
774,0.00,0.00,7.1148,-38.6549,60.79,58.94,36.86,0.881879,0.295056,0.468750,0.5294,-1.4549,2000.5
775,0.00,0.00,7.0025,-39.8698,62.73,60.86,36.86,0.966221,0.319107,0.531250,0.5275,-1.4562,2003.1
776,0.00,0.00,7.1127,-39.0200,60.16,59.34,36.86,1.022069,0.407440,0.750000,0.5256,-1.4575,2005.8
777,0.00,0.00,7.0945,-39.6630,65.06,58.06,36.86,0.923918,0.381625,0.718750,0.5237,-1.4587,2008.4
778,0.00,0.00,7.1427,-39.6333,61.47,60.55,36.86,1.011672,0.429540,0.625000,0.5218,-1.4596,2010.7
779,0.00,0.00,7.1519,-40.1582,61.60,60.49,36.86,0.854349,0.362999,0.687500,0.5199,-1.4607,2013.3
780,0.00,0.00,7.1506,-39.6664,62.86,59.74,36.86,1.042667,0.488259,0.687500,0.5180,-1.4619,2015.9
781,0.00,0.00,7.1225,-40.1111,61.56,59.93,36.86,1.009833,0.476227,0.625000,0.5161,-1.4632,2018.3
782,0.00,0.00,7.1378,-38.7993,63.19,59.14,36.86,1.009217,0.367067,0.593750,0.5142,-1.4645,2020.8
783,0.00,0.00,7.0432,-39.1167,62.53,58.37,36.86,1.044207,0.473252,0.625000,0.5123,-1.4659,2023.5
784,0.00,0.00,7.1219,-38.9861,61.04,59.40,36.86,0.911059,0.314828,0.562500,0.5104,-1.4672,2026.1
785,0.00,0.00,7.0570,-38.5756,61.58,59.08,36.86,1.026435,0.578080,0.625000,0.5085,-1.4684,2028.7
786,0.00,0.00,7.0479,-37.9924,61.64,57.94,36.86,1.135608,0.757322,0.656250,0.5066,-1.4692,2031.1
787,0.00,0.00,7.1363,-37.8857,61.42,58.77,36.86,0.927929,0.321050,0.593750,0.5047,-1.4700,2033.7
788,0.00,0.00,7.0951,-37.1345,58.29,58.29,36.86,1.000001,0.426380,0.625000,0.5028,-1.4709,2036.3
789,0.00,0.00,7.0840,-36.4599,62.50,57.62,36.86,1.051050,0.501582,0.656250,0.5009,-1.4718,2039.0
790,0.00,0.00,7.0341,-36.9194,61.41,58.41,36.86,0.924304,0.538423,0.656250,0.4990,-1.4725,2041.6
791,0.00,0.00,7.2087,-37.3760,63.66,58.60,36.86,0.861697,0.389758,0.656250,0.4971,-1.4731,2044.2
792,0.00,0.00,7.1413,-37.6587,59.56,57.38,36.86,1.109867,0.753846,0.562500,0.4952,-1.4740,2046.8
793,0.00,0.00,7.1788,-36.7845,57.73,57.23,36.86,1.004676,0.468656,0.750000,0.4933,-1.4749,2049.4
794,0.00,0.00,7.1247,-36.8855,57.50,56.99,36.86,1.029183,0.694465,0.750000,0.4914,-1.4758,2051.7
795,0.00,0.00,7.1273,-36.1159,61.50,55.97,36.86,0.947986,0.513060,0.656250,0.4895,-1.4767,2054.3
796,0.00,0.00,7.1848,-36.0180,60.60,55.79,36.86,1.135813,0.646121,0.593750,0.4876,-1.4778,2056.6
797,0.00,0.00,7.1672,-35.8730,58.46,55.94,36.86,0.975475,0.475188,0.750000,0.4857,-1.4789,2059.2
798,0.00,0.00,7.1994,-35.5317,58.92,55.67,36.86,0.946832,0.449430,0.718750,0.4838,-1.4799,2061.9
799,0.00,0.00,7.1570,-35.7127,62.32,54.57,36.86,0.924470,0.503565,0.750000,0.4819,-1.4806,2064.5
800,0.00,0.00,7.1486,-35.4346,58.14,54.18,36.86,1.258343,0.615505,0.562500,0.4800,-1.4812,2067.0
801,0.00,0.00,7.2451,-35.2715,59.22,54.91,36.86,1.080506,0.485766,0.718750,0.4781,-1.4816,2071.3
802,0.00,0.00,7.1725,-35.4138,57.01,55.74,36.86,1.108025,0.684127,0.687500,0.4762,-1.4818,2073.7
803,0.00,0.00,7.1997,-35.0799,57.86,54.95,36.86,0.901121,0.437101,0.687500,0.4743,-1.4822,2076.3
804,0.00,0.00,7.2402,-35.4264,59.54,54.64,36.86,0.922739,0.465469,0.687500,0.4724,-1.4829,2079.0
805,0.00,0.00,7.2494,-35.6816,57.42,55.64,36.86,0.863472,0.338256,0.531250,0.4705,-1.4836,2081.6
806,0.00,0.00,7.2198,-35.6385,57.26,55.34,36.86,1.087025,0.610910,0.812500,0.4686,-1.4842,2084.2
