model,init,reward,run_dir,status,steps_done,best_mae_global,last_mae_oracle,last_reward_l1,last_reward_l2,last_reward_tt,wall_time_s,fwi_type,init_velocity_path
marmousi,far_uniform,tt_only,runs/phase7/marmousi/far_uniform/tt_only,complete,571,660.1,768.25,0.0,0.0,4.1715,2341.4,l2,outputs/phase7_sensitivity/initial_models/marmousi/far_uniform.npy
marmousi,far_uniform,l1l2,runs/phase7/marmousi/far_uniform/l1l2,complete,617,655.02,732.58,-9270602.0,-131251128.0,0.0,2523.9,l2,outputs/phase7_sensitivity/initial_models/marmousi/far_uniform.npy
marmousi,far_uniform,wasserstein_w1,runs/phase7/marmousi/far_uniform/wasserstein_w1,complete,505,693.69,864.95,0.0,-49700.42,0.0,2044.7,wasserstein,outputs/phase7_sensitivity/initial_models/marmousi/far_uniform.npy
marmousi,far_uniform,wasserstein_w2,runs/phase7/marmousi/far_uniform/wasserstein_w2,complete,534,683.53,862.79,0.0,-64555.16,0.0,2146.2,wasserstein_w2,outputs/phase7_sensitivity/initial_models/marmousi/far_uniform.npy
marmousi,far_uniform,ncc_zero,runs/phase7/marmousi/far_uniform/ncc_zero,complete,644,685.92,827.22,0.0,0.26,0.0,2611.1,ncc_zero,outputs/phase7_sensitivity/initial_models/marmousi/far_uniform.npy
marmousi,far_uniform,ncc_maxlag,runs/phase7/marmousi/far_uniform/ncc_maxlag,complete,505,693.48,773.17,0.0,0.64,0.0,2075.0,ncc_maxlag,outputs/phase7_sensitivity/initial_models/marmousi/far_uniform.npy
marmousi,far_uniform,envelope_ncc,runs/phase7/marmousi/far_uniform/envelope_ncc,complete,659,691.15,794.36,0.0,0.78,0.0,2670.5,envelope_ncc,outputs/phase7_sensitivity/initial_models/marmousi/far_uniform.npy
marmousi,far_uniform,awi,runs/phase7/marmousi/far_uniform/awi,complete,534,693.93,901.96,0.0,-70.77,0.0,2140.9,awi,outputs/phase7_sensitivity/initial_models/marmousi/far_uniform.npy
marmousi,medium_gradient,tt_only,runs/phase7/marmousi/medium_gradient/tt_only,complete,1000,346.39,346.39,0.0,0.0,5.0321,4120.1,l2,outputs/phase7_sensitivity/initial_models/marmousi/medium_gradient.npy
marmousi,medium_gradient,l1l2,runs/phase7/marmousi/medium_gradient/l1l2,complete,572,436.49,509.85,-9398450.0,-137161296.0,0.0,2333.9,l2,outputs/phase7_sensitivity/initial_models/marmousi/medium_gradient.npy
marmousi,medium_gradient,wasserstein_w1,runs/phase7/marmousi/medium_gradient/wasserstein_w1,complete,649,442.13,544.23,0.0,-40728.77,0.0,2628.0,wasserstein,outputs/phase7_sensitivity/initial_models/marmousi/medium_gradient.npy
marmousi,medium_gradient,wasserstein_w2,runs/phase7/marmousi/medium_gradient/wasserstein_w2,complete,1000,351.65,363.41,0.0,-26555.23,0.0,4002.4,wasserstein_w2,outputs/phase7_sensitivity/initial_models/marmousi/medium_gradient.npy
marmousi,medium_gradient,ncc_zero,runs/phase7/marmousi/medium_gradient/ncc_zero,complete,1000,319.89,324.14,0.0,0.73,0.0,4078.4,ncc_zero,outputs/phase7_sensitivity/initial_models/marmousi/medium_gradient.npy
marmousi,medium_gradient,ncc_maxlag,runs/phase7/marmousi/medium_gradient/ncc_maxlag,complete,1000,300.6,311.92,0.0,0.92,0.0,4095.1,ncc_maxlag,outputs/phase7_sensitivity/initial_models/marmousi/medium_gradient.npy
marmousi,medium_gradient,envelope_ncc,runs/phase7/marmousi/medium_gradient/envelope_ncc,complete,1000,345.01,356.18,0.0,0.94,0.0,4061.5,envelope_ncc,outputs/phase7_sensitivity/initial_models/marmousi/medium_gradient.npy
marmousi,medium_gradient,awi,runs/phase7/marmousi/medium_gradient/awi,complete,1000,388.05,399.2,0.0,-19.53,0.0,4005.3,awi,outputs/phase7_sensitivity/initial_models/marmousi/medium_gradient.npy
marmousi,near_blur,tt_only,runs/phase7/marmousi/near_blur/tt_only,complete,1000,207.74,215.93,0.0,0.0,5.0327,4134.7,l2,outputs/phase7_sensitivity/initial_models/marmousi/near_blur.npy
marmousi,near_blur,l1l2,runs/phase7/marmousi/near_blur/l1l2,complete,1000,347.45,357.88,-7957643.0,-105998304.0,0.0,4077.6,l2,outputs/phase7_sensitivity/initial_models/marmousi/near_blur.npy
marmousi,near_blur,wasserstein_w1,runs/phase7/marmousi/near_blur/wasserstein_w1,complete,505,403.1,450.66,0.0,-50335.6,0.0,2049.6,wasserstein,outputs/phase7_sensitivity/initial_models/marmousi/near_blur.npy
marmousi,near_blur,wasserstein_w2,runs/phase7/marmousi/near_blur/wasserstein_w2,complete,1000,254.08,261.93,0.0,-25891.81,0.0,3995.5,wasserstein_w2,outputs/phase7_sensitivity/initial_models/marmousi/near_blur.npy
marmousi,near_blur,ncc_zero,runs/phase7/marmousi/near_blur/ncc_zero,complete,1000,211.89,224.6,0.0,0.75,0.0,4093.5,ncc_zero,outputs/phase7_sensitivity/initial_models/marmousi/near_blur.npy
marmousi,near_blur,ncc_maxlag,runs/phase7/marmousi/near_blur/ncc_maxlag,complete,1000,278.57,289.92,0.0,0.93,0.0,4098.5,ncc_maxlag,outputs/phase7_sensitivity/initial_models/marmousi/near_blur.npy
marmousi,near_blur,envelope_ncc,runs/phase7/marmousi/near_blur/envelope_ncc,complete,1000,273.79,279.84,0.0,0.95,0.0,4059.2,envelope_ncc,outputs/phase7_sensitivity/initial_models/marmousi/near_blur.npy
marmousi,near_blur,awi,runs/phase7/marmousi/near_blur/awi,complete,1000,326.69,337.38,0.0,-19.99,0.0,4009.3,awi,outputs/phase7_sensitivity/initial_models/marmousi/near_blur.npy
salt_A_90x270,far_uniform,tt_only,runs/phase7/salt_A_90x270/far_uniform/tt_only,complete,589,979.48,1085.95,0.0,0.0,3.994,2513.6,l2,outputs/phase7_sensitivity/initial_models/salt_A_90x270/far_uniform.npy
salt_A_90x270,far_uniform,l1l2,runs/phase7/salt_A_90x270/far_uniform/l1l2,complete,691,966.92,1113.36,-11756328.0,-171317216.0,0.0,2918.0,l2,outputs/phase7_sensitivity/initial_models/salt_A_90x270/far_uniform.npy
salt_A_90x270,far_uniform,wasserstein_w1,runs/phase7/salt_A_90x270/far_uniform/wasserstein_w1,complete,935,957.61,1117.24,0.0,-49356.07,0.0,3920.1,wasserstein,outputs/phase7_sensitivity/initial_models/salt_A_90x270/far_uniform.npy
salt_A_90x270,far_uniform,wasserstein_w2,runs/phase7/salt_A_90x270/far_uniform/wasserstein_w2,complete,572,945.48,1102.85,0.0,-124813.77,0.0,2366.0,wasserstein_w2,outputs/phase7_sensitivity/initial_models/salt_A_90x270/far_uniform.npy
salt_A_90x270,far_uniform,ncc_zero,runs/phase7/salt_A_90x270/far_uniform/ncc_zero,complete,621,985.51,1073.06,0.0,0.13,0.0,2603.8,ncc_zero,outputs/phase7_sensitivity/initial_models/salt_A_90x270/far_uniform.npy
salt_A_90x270,far_uniform,ncc_maxlag,runs/phase7/salt_A_90x270/far_uniform/ncc_maxlag,complete,621,975.78,1064.19,0.0,0.53,0.0,2625.7,ncc_maxlag,outputs/phase7_sensitivity/initial_models/salt_A_90x270/far_uniform.npy
salt_A_90x270,far_uniform,envelope_ncc,runs/phase7/salt_A_90x270/far_uniform/envelope_ncc,complete,572,966.59,1077.08,0.0,0.71,0.0,2408.2,envelope_ncc,outputs/phase7_sensitivity/initial_models/salt_A_90x270/far_uniform.npy
salt_A_90x270,far_uniform,awi,runs/phase7/salt_A_90x270/far_uniform/awi,complete,564,976.62,1057.01,0.0,-97.06,0.0,2339.1,awi,outputs/phase7_sensitivity/initial_models/salt_A_90x270/far_uniform.npy
salt_A_90x270,medium_gradient,tt_only,runs/phase7/salt_A_90x270/medium_gradient/tt_only,complete,1000,581.76,610.85,0.0,0.0,4.7596,4259.3,l2,outputs/phase7_sensitivity/initial_models/salt_A_90x270/medium_gradient.npy
salt_A_90x270,medium_gradient,l1l2,runs/phase7/salt_A_90x270/medium_gradient/l1l2,complete,811,595.53,678.11,-11624735.0,-174575216.0,0.0,3442.8,l2,outputs/phase7_sensitivity/initial_models/salt_A_90x270/medium_gradient.npy
salt_A_90x270,medium_gradient,wasserstein_w1,runs/phase7/salt_A_90x270/medium_gradient/wasserstein_w1,complete,581,607.21,657.07,0.0,-68916.8,0.0,2444.1,wasserstein,outputs/phase7_sensitivity/initial_models/salt_A_90x270/medium_gradient.npy
salt_A_90x270,medium_gradient,wasserstein_w2,runs/phase7/salt_A_90x270/medium_gradient/wasserstein_w2,complete,581,612.75,707.28,0.0,-123405.08,0.0,2417.1,wasserstein_w2,outputs/phase7_sensitivity/initial_models/salt_A_90x270/medium_gradient.npy
salt_A_90x270,medium_gradient,ncc_zero,runs/phase7/salt_A_90x270/medium_gradient/ncc_zero,complete,1000,547.04,563.03,0.0,0.47,0.0,4228.7,ncc_zero,outputs/phase7_sensitivity/initial_models/salt_A_90x270/medium_gradient.npy
salt_A_90x270,medium_gradient,ncc_maxlag,runs/phase7/salt_A_90x270/medium_gradient/ncc_maxlag,complete,1000,509.54,527.77,0.0,0.76,0.0,4229.3,ncc_maxlag,outputs/phase7_sensitivity/initial_models/salt_A_90x270/medium_gradient.npy
salt_A_90x270,medium_gradient,envelope_ncc,runs/phase7/salt_A_90x270/medium_gradient/envelope_ncc,complete,767,604.82,653.27,0.0,0.76,0.0,3238.6,envelope_ncc,outputs/phase7_sensitivity/initial_models/salt_A_90x270/medium_gradient.npy
salt_A_90x270,medium_gradient,awi,runs/phase7/salt_A_90x270/medium_gradient/awi,complete,837,609.51,654.37,0.0,-69.05,0.0,3487.9,awi,outputs/phase7_sensitivity/initial_models/salt_A_90x270/medium_gradient.npy
salt_A_90x270,near_blur,tt_only,runs/phase7/salt_A_90x270/near_blur/tt_only,complete,1000,242.7,254.73,0.0,0.0,4.8084,4274.0,l2,outputs/phase7_sensitivity/initial_models/salt_A_90x270/near_blur.npy
salt_A_90x270,near_blur,l1l2,runs/phase7/salt_A_90x270/near_blur/l1l2,complete,1000,354.35,358.34,-9884179.0,-144153952.0,0.0,4232.4,l2,outputs/phase7_sensitivity/initial_models/salt_A_90x270/near_blur.npy
salt_A_90x270,near_blur,wasserstein_w1,runs/phase7/salt_A_90x270/near_blur/wasserstein_w1,complete,1000,294.05,300.67,0.0,-40584.21,0.0,4203.7,wasserstein,outputs/phase7_sensitivity/initial_models/salt_A_90x270/near_blur.npy
salt_A_90x270,near_blur,wasserstein_w2,runs/phase7/salt_A_90x270/near_blur/wasserstein_w2,complete,1000,340.88,344.45,0.0,-81464.0,0.0,4175.3,wasserstein_w2,outputs/phase7_sensitivity/initial_models/salt_A_90x270/near_blur.npy
salt_A_90x270,near_blur,ncc_zero,runs/phase7/salt_A_90x270/near_blur/ncc_zero,complete,1000,269.85,272.7,0.0,0.53,0.0,4227.8,ncc_zero,outputs/phase7_sensitivity/initial_models/salt_A_90x270/near_blur.npy
salt_A_90x270,near_blur,ncc_maxlag,runs/phase7/salt_A_90x270/near_blur/ncc_maxlag,complete,1000,288.16,288.16,0.0,0.79,0.0,4233.6,ncc_maxlag,outputs/phase7_sensitivity/initial_models/salt_A_90x270/near_blur.npy
salt_A_90x270,near_blur,envelope_ncc,runs/phase7/salt_A_90x270/near_blur/envelope_ncc,complete,1000,287.91,299.33,0.0,0.87,0.0,4209.7,envelope_ncc,outputs/phase7_sensitivity/initial_models/salt_A_90x270/near_blur.npy
salt_A_90x270,near_blur,awi,runs/phase7/salt_A_90x270/near_blur/awi,complete,719,387.94,432.65,0.0,-80.38,0.0,2982.0,awi,outputs/phase7_sensitivity/initial_models/salt_A_90x270/near_blur.npy
synthetic,far_uniform,tt_only,runs/phase7/synthetic/far_uniform/tt_only,complete,1000,424.16,449.32,0.0,0.0,5.1457,4118.7,l2,outputs/phase7_sensitivity/initial_models/synthetic/far_uniform.npy
synthetic,far_uniform,l1l2,runs/phase7/synthetic/far_uniform/l1l2,complete,923,591.53,684.79,-9434902.0,-123572856.0,0.0,3769.9,l2,outputs/phase7_sensitivity/initial_models/synthetic/far_uniform.npy
synthetic,far_uniform,wasserstein_w1,runs/phase7/synthetic/far_uniform/wasserstein_w1,complete,505,615.14,772.74,0.0,-58138.94,0.0,2054.1,wasserstein,outputs/phase7_sensitivity/initial_models/synthetic/far_uniform.npy
synthetic,far_uniform,wasserstein_w2,runs/phase7/synthetic/far_uniform/wasserstein_w2,complete,505,615.21,702.2,0.0,-72815.39,0.0,2033.1,wasserstein_w2,outputs/phase7_sensitivity/initial_models/synthetic/far_uniform.npy
synthetic,far_uniform,ncc_zero,runs/phase7/synthetic/far_uniform/ncc_zero,complete,1000,417.53,448.98,0.0,0.6,0.0,4078.7,ncc_zero,outputs/phase7_sensitivity/initial_models/synthetic/far_uniform.npy
synthetic,far_uniform,ncc_maxlag,runs/phase7/synthetic/far_uniform/ncc_maxlag,complete,1000,530.06,566.91,0.0,0.91,0.0,4103.3,ncc_maxlag,outputs/phase7_sensitivity/initial_models/synthetic/far_uniform.npy
synthetic,far_uniform,envelope_ncc,runs/phase7/synthetic/far_uniform/envelope_ncc,complete,1000,456.78,498.21,0.0,0.93,0.0,4078.9,envelope_ncc,outputs/phase7_sensitivity/initial_models/synthetic/far_uniform.npy
synthetic,far_uniform,awi,runs/phase7/synthetic/far_uniform/awi,complete,505,614.9,779.4,0.0,-72.64,0.0,2024.2,awi,outputs/phase7_sensitivity/initial_models/synthetic/far_uniform.npy
synthetic,medium_gradient,tt_only,runs/phase7/synthetic/medium_gradient/tt_only,complete,1000,193.6,208.08,0.0,0.0,5.1457,4060.9,l2,outputs/phase7_sensitivity/initial_models/synthetic/medium_gradient.npy
synthetic,medium_gradient,l1l2,runs/phase7/synthetic/medium_gradient/l1l2,complete,1000,400.26,401.75,-8061361.0,-98524264.0,0.0,4068.3,l2,outputs/phase7_sensitivity/initial_models/synthetic/medium_gradient.npy
synthetic,medium_gradient,wasserstein_w1,runs/phase7/synthetic/medium_gradient/wasserstein_w1,complete,505,452.91,601.59,0.0,-57538.25,0.0,2047.8,wasserstein,outputs/phase7_sensitivity/initial_models/synthetic/medium_gradient.npy
synthetic,medium_gradient,wasserstein_w2,runs/phase7/synthetic/medium_gradient/wasserstein_w2,complete,1000,336.3,347.89,0.0,-28350.1,0.0,3999.6,wasserstein_w2,outputs/phase7_sensitivity/initial_models/synthetic/medium_gradient.npy
synthetic,medium_gradient,ncc_zero,runs/phase7/synthetic/medium_gradient/ncc_zero,complete,1000,214.62,223.3,0.0,0.75,0.0,3910.2,ncc_zero,outputs/phase7_sensitivity/initial_models/synthetic/medium_gradient.npy
synthetic,medium_gradient,ncc_maxlag,runs/phase7/synthetic/medium_gradient/ncc_maxlag,complete,1000,339.95,361.14,0.0,0.92,0.0,3998.8,ncc_maxlag,outputs/phase7_sensitivity/initial_models/synthetic/medium_gradient.npy
synthetic,medium_gradient,envelope_ncc,runs/phase7/synthetic/medium_gradient/envelope_ncc,complete,1000,287.4,300.34,0.0,0.94,0.0,4065.9,envelope_ncc,outputs/phase7_sensitivity/initial_models/synthetic/medium_gradient.npy
synthetic,medium_gradient,awi,runs/phase7/synthetic/medium_gradient/awi,complete,505,456.54,479.04,0.0,-67.5,0.0,2015.1,awi,outputs/phase7_sensitivity/initial_models/synthetic/medium_gradient.npy
synthetic,near_blur,tt_only,runs/phase7/synthetic/near_blur/tt_only,complete,1000,197.67,217.0,0.0,0.0,5.1618,3969.8,l2,outputs/phase7_sensitivity/initial_models/synthetic/near_blur.npy
synthetic,near_blur,l1l2,runs/phase7/synthetic/near_blur/l1l2,complete,1000,318.45,328.06,-7648934.0,-91284240.0,0.0,3930.5,l2,outputs/phase7_sensitivity/initial_models/synthetic/near_blur.npy
synthetic,near_blur,wasserstein_w1,runs/phase7/synthetic/near_blur/wasserstein_w1,complete,501,397.46,615.75,0.0,-57570.59,0.0,2025.1,wasserstein,outputs/phase7_sensitivity/initial_models/synthetic/near_blur.npy
synthetic,near_blur,wasserstein_w2,runs/phase7/synthetic/near_blur/wasserstein_w2,complete,501,397.46,489.17,0.0,-71323.79,0.0,1999.8,wasserstein_w2,outputs/phase7_sensitivity/initial_models/synthetic/near_blur.npy
synthetic,near_blur,ncc_zero,runs/phase7/synthetic/near_blur/ncc_zero,complete,1000,192.71,199.5,0.0,0.76,0.0,1899.7,ncc_zero,outputs/phase7_sensitivity/initial_models/synthetic/near_blur.npy
synthetic,near_blur,ncc_maxlag,runs/phase7/synthetic/near_blur/ncc_maxlag,complete,1000,322.15,339.86,0.0,0.92,0.0,3864.7,ncc_maxlag,outputs/phase7_sensitivity/initial_models/synthetic/near_blur.npy
synthetic,near_blur,envelope_ncc,runs/phase7/synthetic/near_blur/envelope_ncc,complete,1000,266.33,272.04,0.0,0.95,0.0,3983.9,envelope_ncc,outputs/phase7_sensitivity/initial_models/synthetic/near_blur.npy
synthetic,near_blur,awi,runs/phase7/synthetic/near_blur/awi,complete,501,397.46,519.26,0.0,-66.69,0.0,1999.8,awi,outputs/phase7_sensitivity/initial_models/synthetic/near_blur.npy
